INSERT INTO `localite` (`id`, `localite`) VALUES
(1, 'Anvers'),
(2, 'Flandre'),
(3, 'Hainaut'),
(4, 'Liege'),
(5, 'Luxembourg'),
(6, 'Namur'),
(7, 'Brabant flamand'),
(8, 'Brabant wallon'),
(9, 'Limbourg'),
(10, 'Bruxelles');


INSERT INTO `code_postal` (`id`, `cp`, `localite_id`) VALUES
(1, '1030', 10),
(2, '1150', 10),
(3, '1210', 10),
(4, '1300', 8),
(5, '1315', 8),
(6, '1325', 8),
(7, '1340', 8),
(8, '1350', 8),
(9, '1357', 8),
(10, '1360', 8),
(11, '1370', 8),
(12, '1390', 8),
(13, '1401', 8),
(14, '1421', 8),
(15, '1430', 8),
(16, '1450', 8),
(17, '1457', 8),
(18, '1461', 8),
(19, '1470', 8),
(20, '1474', 8),
(21, '1501', 7),
(22, '1547', 7),
(23, '1630', 7),
(24, '1640', 7),
(25, '1700', 7),
(26, '1702', 7),
(27, '1731', 7),
(28, '1740', 7),
(29, '1750', 7),
(30, '1780', 7),
(31, '9220', 2),
(32, '1790', 7),
(33, '1820', 7),
(34, '1860', 7),
(35, '3700', 9),
(36, '1910', 7),
(37, '1930', 7),
(38, '1932', 7),
(39, '2060', 1),
(40, '3290', 7),
(41, '2220', 1),
(42, '2222', 1),
(43, '2230', 1),
(44, '2235', 1),
(45, '2260', 1),
(46, '2280', 1),
(47, '2290', 1),
(48, '2300', 1),
(49, '2360', 1),
(50, '2380', 1),
(51, '2382', 1),
(52, '2431', 1),
(53, '2490', 1),
(54, '2520', 1),
(55, '2560', 1),
(56, '2570', 1),
(57, '2800', 1),
(58, '2811', 1),
(59, '2820', 1),
(60, '2830', 1),
(61, '1601', 7),
(62, '2890', 1),
(63, '2960', 1),
(64, '2990', 1),
(65, '3020', 7),
(66, '3040', 7),
(67, '3051', 7),
(68, '3053', 7),
(69, '3060', 7),
(70, '3080', 7),
(71, '3140', 7),
(72, '3150', 7),
(73, '3210', 7),
(74, '3211', 7),
(75, '3220', 7),
(76, '3272', 7),
(77, '3300', 7),
(78, '3350', 7),
(79, '3370', 7),
(80, '3400', 7),
(81, '3401', 7),
(82, '3440', 7),
(83, '3450', 7),
(84, '3461', 7),
(85, '3471', 7),
(86, '3473', 7),
(87, '3500', 9),
(88, '3511', 9),
(89, '3530', 9),
(90, '3540', 9),
(91, '3545', 9),
(92, '9070', 2),
(93, '3550', 9),
(94, '3560', 9),
(95, '3581', 9),
(96, '3583', 9),
(97, '3590', 9),
(98, '3620', 9),
(99, '3630', 9),
(100, '3631', 9),
(101, '3640', 9),
(102, '3650', 9),
(103, '3670', 9),
(104, '3723', 9),
(105, '3730', 9),
(106, '3740', 9),
(107, '3742', 9),
(108, '3746', 9),
(109, '3790', 9),
(110, '3798', 9),
(111, '3800', 9),
(112, '3806', 9),
(113, '3830', 9),
(114, '3840', 9),
(115, '9320', 2),
(116, '3870', 9),
(117, '3890', 9),
(118, '3900', 9),
(119, '3945', 9),
(120, '3960', 9),
(121, '3990', 9),
(122, '4020', 4),
(123, '4040', 4),
(124, '4041', 4),
(125, '4051', 4),
(126, '4053', 4),
(127, '4480', 4),
(128, '4120', 4),
(129, '4210', 4),
(130, '4219', 4),
(131, '4252', 4),
(132, '4260', 4),
(133, '4280', 4),
(134, '4287', 4),
(135, '4300', 4),
(136, '5561', 6),
(137, '4317', 4),
(138, '4340', 4),
(139, '4342', 4),
(140, '5370', 6),
(141, '4367', 4),
(142, '4453', 4),
(143, '4460', 4),
(144, '4470', 4),
(145, '4500', 4),
(146, '4520', 4),
(147, '4530', 4),
(148, '4540', 4),
(149, '4557', 4),
(150, '4560', 4),
(151, '4577', 4),
(152, '4590', 4),
(153, '4600', 4),
(154, '4607', 4),
(155, '4610', 4),
(156, '4620', 4),
(157, '4630', 4),
(158, '4631', 4),
(159, '4654', 4),
(160, '4670', 4),
(161, '4671', 4),
(162, '4680', 4),
(163, '4802', 4),
(164, '4830', 4),
(165, '4834', 4),
(166, '4845', 4),
(167, '4850', 4),
(168, '4851', 4),
(169, '4852', 4),
(170, '4870', 4),
(171, '4890', 4),
(172, '4920', 4),
(173, '4950', 4),
(174, '4960', 4),
(175, '4980', 4),
(176, '4987', 4),
(177, '4990', 4),
(178, '5000', 6),
(179, '5002', 6),
(180, '5020', 6),
(181, '5022', 6),
(182, '5030', 6),
(183, '5060', 6),
(184, '5070', 6),
(185, '5080', 6),
(186, '5101', 6),
(187, '5140', 6),
(188, '5170', 6),
(189, '5190', 6),
(190, '5300', 6),
(191, '5310', 6),
(192, '5333', 6),
(193, '5340', 6),
(194, '5350', 6),
(195, '5351', 6),
(196, '5360', 6),
(197, '5362', 6),
(198, '5374', 6),
(199, '5377', 6),
(200, '5380', 6),
(201, '5520', 6),
(202, '5523', 6),
(203, '5530', 6),
(204, '5537', 6),
(205, '5540', 6),
(206, '5550', 6),
(207, '5555', 6),
(208, '5560', 6),
(209, '5570', 6),
(210, '5574', 6),
(211, '5575', 6),
(212, '5580', 6),
(213, '5600', 6),
(214, '5620', 6),
(215, '5621', 6),
(216, '5644', 6),
(217, '5650', 6),
(218, '5651', 6),
(219, '5660', 6),
(220, '5670', 6),
(221, '5680', 6),
(222, '6030', 3),
(223, '6040', 3),
(224, '6042', 3),
(225, '6044', 3),
(226, '6060', 3),
(227, '6111', 3),
(228, '6120', 3),
(229, '6200', 3),
(230, '6210', 3),
(231, '6220', 3),
(232, '6230', 3),
(233, '6238', 3),
(234, '6240', 3),
(235, '6250', 3),
(236, '6460', 3),
(237, '6464', 3),
(238, '6470', 3),
(239, '6500', 3),
(240, '6530', 3),
(241, '6531', 3),
(242, '6543', 3),
(243, '6560', 3),
(244, '6642', 5),
(245, '6663', 5),
(246, '6670', 5),
(247, '6681', 5),
(248, '6700', 5),
(249, '6730', 5),
(250, '6741', 5),
(251, '6747', 5),
(252, '6769', 5),
(253, '6780', 5),
(254, '6781', 5),
(255, '6782', 5),
(256, '6791', 5),
(257, '6800', 5),
(258, '6811', 5),
(259, '6823', 5),
(260, '6836', 5),
(261, '6840', 5),
(262, '6880', 5),
(263, '6887', 5),
(264, '6890', 5),
(265, '6900', 5),
(266, '6920', 5),
(267, '6924', 5),
(268, '6929', 5),
(269, '6940', 5),
(270, '6941', 5),
(271, '6950', 5),
(272, '6953', 5),
(273, '6960', 5),
(274, '6970', 5),
(275, '6972', 5),
(276, '6984', 5),
(277, '6987', 5),
(278, '6990', 5),
(279, '6997', 5),
(280, '7000', 3),
(281, '7030', 3),
(282, '7041', 3),
(283, '7050', 3),
(284, '7060', 3),
(285, '7080', 3),
(286, '7090', 3),
(287, '7100', 3),
(288, '7110', 3),
(289, '7120', 3),
(290, '7130', 3),
(291, '7131', 3),
(292, '7133', 3),
(293, '7134', 3),
(294, '7140', 3),
(295, '7170', 3),
(296, '7181', 3),
(297, '7190', 3),
(298, '7320', 3),
(299, '7331', 3),
(300, '7332', 3),
(301, '7333', 3),
(302, '7340', 3),
(303, '7350', 3),
(304, '7387', 3),
(305, '7390', 3),
(306, '7500', 3),
(307, '7502', 3),
(308, '7522', 3),
(309, '7532', 3),
(310, '7540', 3),
(311, '7543', 3),
(312, '7548', 3),
(313, '7608', 3),
(314, '7610', 3),
(315, '7618', 3),
(316, '7620', 3),
(317, '7624', 3),
(318, '7740', 3),
(319, '7743', 3),
(320, '7750', 3),
(321, '7780', 3),
(322, '7784', 3),
(323, '7801', 3),
(324, '7803', 3),
(325, '7812', 3),
(326, '7822', 3),
(327, '7830', 3),
(328, '7850', 3),
(329, '7866', 3),
(330, '7870', 3),
(331, '7880', 3),
(332, '7890', 3),
(333, '7910', 3),
(334, '7911', 3),
(335, '7950', 3),
(336, '7970', 3),
(337, '7972', 3),
(338, '8000', 2),
(339, '8200', 2),
(340, '8210', 2),
(341, '8377', 2),
(342, '8420', 2),
(343, '1541', 7),
(344, '8433', 2),
(345, '8470', 2),
(346, '8490', 2),
(347, '8500', 2),
(348, '8501', 2),
(349, '8530', 2),
(350, '8531', 2),
(351, '8552', 2),
(352, '8554', 2),
(353, '8581', 2),
(354, '8583', 2),
(355, '8587', 2),
(356, '8600', 2),
(357, '8630', 2),
(358, '8647', 2),
(359, '8670', 2),
(360, '8690', 2),
(361, '8700', 2),
(362, '8710', 2),
(363, '8720', 2),
(364, '8770', 2),
(365, '8790', 2),
(366, '8800', 2),
(367, '8820', 2),
(368, '8840', 2),
(369, '8850', 2),
(370, '8880', 2),
(371, '8900', 2),
(372, '8902', 2),
(373, '8906', 2),
(374, '8920', 2),
(375, '8930', 2),
(376, '8970', 2),
(377, '9000', 2),
(378, '9030', 2),
(379, '9050', 2),
(380, '9090', 2),
(381, '9130', 2),
(382, '9140', 2),
(383, '9190', 2),
(384, '9200', 2),
(385, '9230', 2),
(386, '9260', 2),
(387, '9270', 2),
(388, '9280', 2),
(389, '9308', 2),
(390, '9310', 2),
(391, '9340', 2),
(392, '9400', 2),
(393, '9401', 2),
(394, '9403', 2),
(395, '9420', 2),
(396, '9450', 2),
(397, '9472', 2),
(398, '9500', 2),
(399, '9506', 2),
(400, '9520', 2),
(401, '9550', 2),
(402, '9570', 2),
(403, '9572', 2),
(404, '9600', 2),
(405, '9620', 2),
(406, '9630', 2),
(407, '9660', 2),
(408, '9690', 2),
(409, '9700', 2),
(410, '9750', 2),
(411, '9770', 2),
(412, '9790', 2),
(413, '9800', 2),
(414, '9830', 2),
(415, '9840', 2),
(416, '9850', 2),
(417, '9860', 2),
(418, '9870', 2),
(419, '9890', 2),
(420, '9931', 2),
(421, '9960', 2),
(422, '9968', 2),
(423, '1090', 10),
(424, '1160', 10),
(425, '1331', 8),
(426, '1367', 8),
(427, '1400', 8),
(428, '1402', 8),
(429, '1440', 8),
(430, '1471', 8),
(431, '1473', 8),
(432, '1480', 8),
(433, '1495', 8),
(434, '1502', 7),
(435, '1540', 7),
(436, '1560', 7),
(437, '1600', 7),
(438, '1620', 7),
(439, '1652', 7),
(440, '1670', 7),
(441, '1701', 7),
(442, '1730', 7),
(443, '1741', 7),
(444, '1755', 7),
(445, '1760', 7),
(446, '1770', 7),
(447, '1800', 7),
(448, '1840', 7),
(449, '1880', 7),
(450, '1950', 7),
(451, '1970', 7),
(452, '1980', 7),
(453, '2040', 1),
(454, '2200', 1),
(455, '2240', 1),
(456, '2275', 1),
(457, '2322', 1),
(458, '2323', 1),
(459, '2330', 1),
(460, '2340', 1),
(461, '2350', 1),
(462, '2381', 1),
(463, '2387', 1),
(464, '2400', 1),
(465, '2430', 1),
(466, '2440', 1),
(467, '2460', 1),
(468, '2500', 1),
(469, '2550', 1),
(470, '2610', 1),
(471, '2650', 1),
(472, '2660', 1),
(473, '3891', 9),
(474, '2870', 1),
(475, '2880', 1),
(476, '2940', 1),
(477, '3381', 7),
(478, '2970', 1),
(479, '1500', 7),
(480, '3052', 7),
(481, '3110', 7),
(482, '3111', 7),
(483, '3120', 7),
(484, '3191', 7),
(485, '3212', 7),
(486, '3270', 7),
(487, '3320', 7),
(488, '3360', 7),
(489, '3380', 7),
(490, '3384', 7),
(491, '3390', 7),
(492, '3391', 7),
(493, '3404', 7),
(494, '3454', 7),
(495, '3470', 7),
(496, '3570', 9),
(497, '3680', 9),
(498, '3717', 9),
(499, '3770', 9),
(500, '3803', 9),
(501, '3831', 9),
(502, '3832', 9),
(503, '3930', 9),
(504, '3940', 9),
(505, '3941', 9),
(506, '3970', 9),
(507, '3980', 9),
(508, '4000', 4),
(509, '4031', 4),
(510, '4122', 4),
(511, '4140', 4),
(512, '4190', 4),
(513, '4217', 4),
(514, '4218', 4),
(515, '4250', 4),
(516, '4257', 4),
(517, '4347', 4),
(518, '6600', 5),
(519, '4350', 4),
(520, '4357', 4),
(521, '4360', 4),
(522, '4400', 4),
(523, '4420', 4),
(524, '4432', 4),
(525, '4451', 4),
(526, '4452', 4),
(527, '4550', 4),
(528, '4570', 4),
(529, '4650', 4),
(530, '4684', 4),
(531, '4690', 4),
(532, '4701', 4),
(533, '4720', 4),
(534, '4728', 4),
(535, '4730', 4),
(536, '4771', 4),
(537, '4784', 4),
(538, '4790', 4),
(539, '4791', 4),
(540, '4800', 4),
(541, '4801', 4),
(542, '4820', 4),
(543, '4831', 4),
(544, '4837', 4),
(545, '4860', 4),
(546, '4900', 4),
(547, '5001', 6),
(548, '5021', 6),
(549, '5024', 6),
(550, '5031', 6),
(551, '5032', 6),
(552, '5081', 6),
(553, '5100', 6),
(554, '5330', 6),
(555, '5332', 6),
(556, '5334', 6),
(557, '5361', 6),
(558, '5363', 6),
(559, '5500', 6),
(560, '5502', 6),
(561, '5504', 6),
(562, '5521', 6),
(563, '5590', 6),
(564, '5630', 6),
(565, '5640', 6),
(566, '6020', 3),
(567, '6041', 3),
(568, '6142', 3),
(569, '6180', 3),
(570, '6223', 3),
(571, '6224', 3),
(572, '6280', 3),
(573, '6441', 3),
(574, '6533', 3),
(575, '6534', 3),
(576, '6567', 3),
(577, '6591', 3),
(578, '6593', 3),
(579, '6594', 3),
(580, '6630', 5),
(581, '6637', 5),
(582, '6640', 5),
(583, '6662', 5),
(584, '6666', 5),
(585, '6671', 5),
(586, '6680', 5),
(587, '6690', 5),
(588, '6717', 5),
(589, '6720', 5),
(590, '6724', 5),
(591, '6740', 5),
(592, '6743', 5),
(593, '7730', 3),
(594, '6790', 5),
(595, '6792', 5),
(596, '6810', 5),
(597, '6812', 5),
(598, '6824', 5),
(599, '6832', 5),
(600, '6850', 5),
(601, '6852', 5),
(602, '6860', 5),
(603, '6927', 5),
(604, '6951', 5),
(605, '6980', 5),
(606, '7011', 3),
(607, '7012', 3),
(608, '7020', 3),
(609, '7022', 3),
(610, '7031', 3),
(611, '7033', 3),
(612, '7141', 3),
(613, '7160', 3),
(614, '7191', 3),
(615, '7322', 3),
(616, '7370', 3),
(617, '7380', 3),
(618, '7506', 3),
(619, '7534', 3),
(620, '7604', 3),
(621, '7622', 3),
(622, '7623', 3),
(623, '7742', 3),
(624, '7760', 3),
(625, '7781', 3),
(626, '7800', 3),
(627, '7861', 3),
(628, '7863', 3),
(629, '7864', 3),
(630, '7900', 3),
(631, '7903', 3),
(632, '7904', 3),
(633, '1190', 10),
(634, '7912', 3),
(635, '7940', 3),
(636, '7971', 3),
(637, '8020', 2),
(638, '8211', 2),
(639, '8300', 2),
(640, '8310', 2),
(641, '8340', 2),
(642, '8370', 2),
(643, '8380', 2),
(644, '8430', 2),
(645, '8431', 2),
(646, '8434', 2),
(647, '8460', 2),
(648, '8510', 2),
(649, '8520', 2),
(650, '8570', 2),
(651, '8572', 2),
(652, '8580', 2),
(653, '8582', 2),
(654, '8640', 2),
(655, '8650', 2),
(656, '8660', 2),
(657, '8680', 2),
(658, '8691', 2),
(659, '8740', 2),
(660, '8760', 2),
(661, '8791', 2),
(662, '8810', 2),
(663, '8830', 2),
(664, '8890', 2),
(665, '8908', 2),
(666, '8972', 2),
(667, '8400', 2),
(668, '9040', 2),
(669, '9051', 2),
(670, '9052', 2),
(671, '9060', 2),
(672, '9100', 2),
(673, '9160', 2),
(674, '9185', 2),
(675, '9551', 2),
(676, '9636', 2),
(677, '9667', 2),
(678, '9680', 2),
(679, '9681', 2),
(680, '9772', 2),
(681, '9810', 2),
(682, '9820', 2),
(683, '9880', 2),
(684, '9961', 2),
(685, '9990', 2),
(686, '1020', 10),
(687, '1080', 10),
(688, '1082', 10),
(689, '1083', 10),
(690, '1120', 10),
(691, '1320', 8),
(692, '1380', 8),
(693, '1410', 8),
(694, '1420', 8),
(695, '1570', 7),
(696, '1653', 7),
(697, '1654', 7),
(698, '1671', 7),
(699, '1703', 7),
(700, '1785', 7),
(701, '1831', 7),
(702, '1851', 7),
(703, '1852', 7),
(704, '1982', 7),
(705, '2070', 1),
(706, '2110', 1),
(707, '2160', 1),
(708, '2243', 1),
(709, '2250', 1),
(710, '2288', 1),
(711, '2320', 1),
(712, '2370', 1),
(713, '2470', 1),
(714, '2480', 1),
(715, '2491', 1),
(716, '2540', 1),
(717, '2547', 1),
(718, '2630', 1),
(719, '2640', 1),
(720, '2850', 1),
(721, '2910', 1),
(722, '2980', 1),
(723, '3001', 7),
(724, '3070', 7),
(725, '3090', 7),
(726, '3128', 7),
(727, '3130', 7),
(728, '3221', 7),
(729, '3293', 7),
(730, '3510', 9),
(731, '3512', 9),
(732, '3660', 9),
(733, '3668', 9),
(734, '3721', 9),
(735, '3722', 9),
(736, '3732', 9),
(737, '3792', 9),
(738, '9300', 2),
(739, '3850', 9),
(740, '3920', 9),
(741, '3950', 9),
(742, '3971', 9),
(743, '4130', 4),
(744, '4160', 4),
(745, '4163', 4),
(746, '4180', 4),
(747, '4181', 4),
(748, '4263', 4),
(749, '4458', 4),
(750, '4601', 4),
(751, '4606', 4),
(752, '4623', 4),
(753, '4624', 4),
(754, '4652', 4),
(755, '4653', 4),
(756, '4681', 4),
(757, '4682', 4),
(758, '4683', 4),
(759, '4721', 4),
(760, '4760', 4),
(761, '4770', 4),
(762, '4780', 4),
(763, '4783', 4),
(764, '4910', 4),
(765, '4877', 4),
(766, '4970', 4),
(767, '5004', 6),
(768, '5150', 6),
(769, '5353', 6),
(770, '5364', 6),
(771, '5542', 6),
(772, '5543', 6),
(773, '5544', 6),
(774, '5562', 6),
(775, '5563', 6),
(776, '5641', 6),
(777, '6000', 3),
(778, '6032', 3),
(779, '6043', 3),
(780, '6140', 3),
(781, '6181', 3),
(782, '6182', 3),
(783, '6222', 3),
(784, '6461', 3),
(785, '6540', 3),
(786, '6590', 3),
(787, '6660', 5),
(788, '6672', 5),
(789, '6673', 5),
(790, '6674', 5),
(791, '6721', 5),
(792, '6750', 5),
(793, '6760', 5),
(794, '6767', 5),
(795, '6820', 5),
(796, '6830', 5),
(797, '6833', 5),
(798, '6870', 5),
(799, '6983', 5),
(800, '7021', 3),
(801, '7024', 3),
(802, '7034', 3),
(803, '7040', 3),
(804, '7061', 3),
(805, '7063', 3),
(806, '7070', 3),
(807, '7180', 3),
(808, '7301', 3),
(809, '7330', 3),
(810, '7382', 3),
(811, '7501', 3),
(812, '7530', 3),
(813, '7536', 3),
(814, '7600', 3),
(815, '7601', 3),
(816, '7602', 3),
(817, '7640', 3),
(818, '7711', 3),
(819, '7712', 3),
(820, '7802', 3),
(821, '7901', 3),
(822, '7941', 3),
(823, '7973', 3),
(824, '8620', 2),
(825, '8421', 2),
(826, '8480', 2),
(827, '8560', 2),
(828, '8610', 2),
(829, '8730', 2),
(830, '8750', 2),
(831, '8792', 2),
(832, '8870', 2),
(833, '8904', 2),
(834, '8950', 2),
(835, '8953', 2),
(836, '8958', 2),
(837, '8980', 2),
(838, '9041', 2),
(839, '9042', 2),
(840, '9120', 2),
(841, '9170', 2),
(842, '9180', 2),
(843, '9240', 2),
(844, '9250', 2),
(845, '9255', 2),
(846, '9290', 2),
(847, '9451', 2),
(848, '9470', 2),
(849, '9473', 2),
(850, '9661', 2),
(851, '9771', 2),
(852, '9910', 2),
(853, '9940', 2),
(854, '9950', 2),
(855, '9988', 2),
(856, '9991', 2),
(857, '9992', 2),
(858, '1040', 10),
(859, '1060', 10),
(860, '1081', 10),
(861, '1140', 10),
(862, '1330', 8),
(863, '1332', 8),
(864, '1341', 8),
(865, '1342', 8),
(866, '1404', 8),
(867, '1472', 8),
(868, '1673', 7),
(869, '1745', 7),
(870, '1761', 7),
(871, '1850', 7),
(872, '1861', 7),
(873, '1933', 7),
(874, '2140', 1),
(875, '2221', 1),
(876, '2242', 1),
(877, '2270', 1),
(878, '2321', 1),
(879, '2328', 1),
(880, '2390', 1),
(881, '2450', 1),
(882, '2530', 1),
(883, '2531', 1),
(884, '2580', 1),
(885, '2590', 1),
(886, '2627', 1),
(887, '2840', 1),
(888, '2860', 1),
(889, '2861', 1),
(890, '2900', 1),
(891, '3012', 7),
(892, '3018', 7),
(893, '3054', 7),
(894, '3078', 7),
(895, '3190', 7),
(896, '3200', 7),
(897, '3201', 7),
(898, '3271', 7),
(899, '3294', 7),
(900, '3582', 9),
(901, '3600', 9),
(902, '3621', 9),
(903, '3690', 9),
(904, '3720', 9),
(905, '3791', 9),
(906, '4032', 4),
(907, '4042', 4),
(908, '4052', 4),
(909, '4100', 4),
(910, '4101', 4),
(911, '4161', 4),
(912, '4162', 4),
(913, '4171', 4),
(914, '4261', 4),
(915, '4450', 4),
(916, '4537', 4),
(917, '4602', 4),
(918, '4621', 4),
(919, '4633', 4),
(920, '4651', 4),
(921, '4700', 4),
(922, '4710', 4),
(923, '4711', 4),
(924, '4731', 4),
(925, '4750', 4),
(926, '4782', 4),
(927, '4821', 4),
(928, '4861', 4),
(929, '4983', 4),
(930, '5376', 6),
(931, '5503', 6),
(932, '5522', 6),
(933, '5564', 6),
(934, '5573', 6),
(935, '5576', 6),
(936, '6031', 3),
(937, '6150', 3),
(938, '6183', 3),
(939, '6211', 3),
(940, '6221', 3),
(941, '6440', 3),
(942, '6462', 3),
(943, '6532', 3),
(944, '6536', 3),
(945, '6542', 3),
(946, '6596', 3),
(947, '6687', 5),
(948, '6692', 5),
(949, '6698', 5),
(950, '6706', 5),
(951, '6742', 5),
(952, '6831', 5),
(953, '6856', 5),
(954, '6986', 5),
(955, '7032', 3),
(956, '7062', 3),
(957, '7321', 3),
(958, '7334', 3),
(959, '7520', 3),
(960, '7521', 3),
(961, '7531', 3),
(962, '7533', 3),
(963, '7538', 3),
(964, '7603', 3),
(965, '7621', 3),
(966, '7642', 3),
(967, '7700', 3),
(968, '7782', 3),
(969, '7823', 3),
(970, '7860', 3),
(971, '7862', 3),
(972, '7906', 3),
(973, '7943', 3),
(974, '7951', 3),
(975, '8450', 2),
(976, '8511', 2),
(977, '8540', 2),
(978, '8553', 2),
(979, '8573', 2),
(980, '8780', 2),
(981, '8851', 2),
(982, '8860', 2),
(983, '8940', 2),
(984, '8952', 2),
(985, '9032', 2),
(986, '9080', 2),
(987, '9111', 2),
(988, '9112', 2),
(989, '9150', 2),
(990, '9521', 2),
(991, '9552', 2),
(992, '9688', 2),
(993, '9900', 2),
(994, '9920', 2),
(995, '9921', 2),
(996, '9930', 2),
(997, '9932', 2),
(998, '9971', 2),
(999, '9980', 2),
(1000, '9981', 2),
(1001, '1000', 10),
(1002, '1050', 10),
(1003, '1070', 10),
(1004, '1170', 10),
(1005, '1180', 10),
(1006, '1200', 10),
(1007, '1301', 8),
(1008, '1310', 8),
(1009, '1348', 8),
(1010, '1428', 8),
(1011, '1435', 8),
(1012, '1460', 8),
(1013, '1476', 8),
(1014, '1490', 8),
(1015, '1602', 7),
(1016, '1650', 7),
(1017, '1651', 7),
(1018, '1674', 7),
(1019, '1742', 7),
(1020, '1853', 7),
(1021, '2150', 1),
(1022, '2170', 1),
(1023, '2180', 1),
(1024, '2223', 1),
(1025, '2310', 1),
(1026, '2620', 1),
(1027, '2801', 1),
(1028, '2845', 1),
(1029, '2920', 1),
(1030, '2930', 1),
(1031, '3000', 7),
(1032, '3010', 7),
(1033, '3050', 7),
(1034, '3061', 7),
(1035, '3071', 7),
(1036, '3118', 7),
(1037, '3202', 7),
(1038, '3321', 7),
(1039, '3460', 7),
(1040, '3472', 7),
(1041, '3501', 9),
(1042, '3520', 9),
(1043, '3580', 9),
(1044, '3665', 9),
(1045, '3724', 9),
(1046, '3793', 9),
(1047, '3910', 9),
(1048, '4030', 4),
(1049, '4050', 4),
(1050, '4102', 4),
(1051, '4121', 4),
(1052, '4170', 4),
(1053, '4253', 4),
(1054, '4254', 4),
(1055, '4351', 4),
(1056, '4430', 4),
(1057, '4431', 4),
(1058, '4608', 4),
(1059, '4632', 4),
(1060, '4761', 4),
(1061, '4840', 4),
(1062, '4841', 4),
(1063, '4880', 4),
(1064, '5003', 6),
(1065, '5336', 6),
(1066, '5354', 6),
(1067, '5372', 6),
(1068, '5501', 6),
(1069, '5524', 6),
(1070, '5541', 6),
(1071, '5571', 6),
(1072, '5572', 6),
(1073, '5646', 6),
(1074, '6001', 3),
(1075, '6010', 3),
(1076, '6061', 3),
(1077, '6110', 3),
(1078, '6141', 3),
(1079, '6463', 3),
(1080, '6511', 3),
(1081, '6592', 3),
(1082, '6661', 5),
(1083, '6686', 5),
(1084, '6704', 5),
(1085, '6723', 5),
(1086, '6761', 5),
(1087, '6762', 5),
(1088, '6813', 5),
(1089, '6821', 5),
(1090, '6834', 5),
(1091, '6838', 5),
(1092, '6851', 5),
(1093, '6853', 5),
(1094, '6921', 5),
(1095, '6922', 5),
(1096, '6952', 5),
(1097, '6971', 5),
(1098, '6982', 5),
(1099, '7300', 3),
(1100, '7503', 3),
(1101, '7504', 3),
(1102, '7542', 3),
(1103, '7611', 3),
(1104, '7641', 3),
(1105, '7643', 3),
(1106, '7783', 3),
(1107, '7804', 3),
(1108, '7810', 3),
(1109, '7942', 3),
(1110, '8432', 2),
(1111, '8550', 2),
(1112, '8551', 2),
(1113, '8755', 2),
(1114, '8793', 2),
(1115, '8951', 2),
(1116, '8954', 2),
(1117, '8956', 2),
(1118, '8957', 2),
(1119, '8978', 2),
(1120, '9031', 2),
(1121, '9402', 2),
(1122, '9404', 2),
(1123, '9406', 2),
(1124, '9571', 2),
(1125, '9831', 2),
(1126, '9881', 2),
(1127, '9970', 2),
(1128, '9982', 2),
(1129, '1501', 7);



INSERT INTO `commune` (`id`, `cp_id`, `commune`, `localite_id`) VALUES
(1, 1, 'Schaerbeek', NULL),
(2, 2, 'Woluwe-Saint-Pierre', NULL),
(3, 3, 'Saint-Josse-Ten-Noode', NULL),
(4, 4, 'Limal', NULL),
(5, 5, 'Incourt', NULL),
(6, 5, 'Piètrebais', NULL),
(7, 5, 'Roux-Miroir', NULL),
(8, 6, 'Bonlez', NULL),
(9, 6, 'Corroy-Le-Grand', NULL),
(10, 7, 'Ottignies-Louvain-La-Neuve', NULL),
(11, 8, 'Folx-Les-Caves', NULL),
(12, 9, 'Neerheylissem', NULL),
(13, 10, 'Perwez', NULL),
(14, 11, 'Jodoigne', NULL),
(15, 12, 'Biez', NULL),
(16, 13, 'Baulers', NULL),
(17, 14, 'Ophain-Bois-Seigneur-Isaac', NULL),
(18, 15, 'Bierghes', NULL),
(19, 16, 'Chastre', NULL),
(20, 16, 'Chastre-Villeroux-Blanmont', NULL),
(21, 16, 'Saint-Géry', NULL),
(22, 17, 'Nil-Saint-Vincent-Saint-Martin', NULL),
(23, 17, 'Tourinnes-Saint-Lambert', NULL),
(24, 18, 'Haut-Ittre', NULL),
(25, 19, 'Baisy-Thy', NULL),
(26, 20, 'Ways', NULL),
(27, 21, 'Buizingen', NULL),
(28, 22, 'Biévène', NULL),
(29, 23, 'Linkebeek', NULL),
(30, 24, 'Rhode-Saint-Genèse', NULL),
(31, 25, 'Sint-Ulriks-Kapelle', NULL),
(32, 26, 'Groot-Bijgaarden', NULL),
(33, 27, 'Relegem', NULL),
(34, 27, 'Zellik', NULL),
(35, 28, 'Ternat', NULL),
(36, 29, 'Gaasbeek', NULL),
(37, 29, 'Lennik', NULL),
(38, 30, 'Wemmel', NULL),
(39, 31, 'Hamme', NULL),
(40, 32, 'Affligem', NULL),
(41, 32, 'Essene', NULL),
(42, 32, 'Teralfene', NULL),
(43, 33, 'Perk', NULL),
(44, 34, 'Meise', NULL),
(45, 35, 'Berg', NULL),
(46, 36, 'Buken', NULL),
(47, 36, 'Nederokkerzeel', NULL),
(48, 37, 'Zaventem', NULL),
(49, 38, 'Sint-Stevens-Woluwe', NULL),
(50, 39, 'Antwerpen', NULL),
(51, 40, 'Deurne', NULL),
(52, 41, 'Hallaar', NULL),
(53, 41, 'Heist-Op-Den-Berg', NULL),
(54, 42, 'Wiekevorst', NULL),
(55, 43, 'Ramsel', NULL),
(56, 44, 'Houtvenne', NULL),
(57, 45, 'Zoerle-Parwijs', NULL),
(58, 46, 'Grobbendonk', NULL),
(59, 47, 'Vorselaar', NULL),
(60, 48, 'Turnhout', NULL),
(61, 49, 'Oud-Turnhout', NULL),
(62, 50, 'Ravels', NULL),
(63, 51, 'Poppel', NULL),
(64, 52, 'Veerle', NULL),
(65, 53, 'Balen', NULL),
(66, 54, 'Broechem', NULL),
(67, 55, 'Bevel', NULL),
(68, 56, 'Duffel', NULL),
(69, 57, 'Walem', NULL),
(70, 58, 'Leest', NULL),
(71, 59, 'Rijmenam', NULL),
(72, 60, 'Tisselt', NULL),
(73, 60, 'Willebroek', NULL),
(74, 61, 'Ruisbroek', NULL),
(75, 62, 'Lippelo', NULL),
(76, 63, 'Brecht', NULL),
(77, 64, 'Wuustwezel', NULL),
(78, 65, 'Herent', NULL),
(79, 65, 'Veltem-Beisem', NULL),
(80, 66, 'Huldenberg', NULL),
(81, 67, 'Sint-Joris-Weert', NULL),
(82, 68, 'Haasrode', NULL),
(83, 69, 'Bertem', NULL),
(84, 70, 'Tervuren', NULL),
(85, 70, 'Vossem', NULL),
(86, 71, 'Keerbergen', NULL),
(87, 72, 'Haacht', NULL),
(88, 73, 'Lubbeek', NULL),
(89, 74, 'Binkom', NULL),
(90, 75, 'Kortrijk-Dutsel', NULL),
(91, 75, 'Sint-Pieters-Rode', NULL),
(92, 76, 'Testelt', NULL),
(93, 77, 'Hakendover', NULL),
(94, 77, 'Oorbeek', NULL),
(95, 77, 'Tienen', NULL),
(96, 77, 'Vissenaken', NULL),
(97, 78, 'Drieslinter', NULL),
(98, 78, 'Melkwezer', NULL),
(99, 78, 'Overhespen', NULL),
(100, 79, 'Roosbeek', NULL),
(101, 80, 'Overwinden', NULL),
(102, 81, 'Walshoutem', NULL),
(103, 81, 'Wezeren', NULL),
(104, 82, 'Dormaal', NULL),
(105, 83, 'Geetbets', NULL),
(106, 84, 'Molenbeek-Wersbeek', NULL),
(107, 77, 'Sint-Margriete-Houtem', NULL),
(108, 85, 'Hoeleden', NULL),
(109, 86, 'Waanrode', NULL),
(110, 87, 'Sint-Lambrechts-Herk', NULL),
(111, 88, 'Stokrooie', NULL),
(112, 89, 'Houthalen-Helchteren', NULL),
(113, 90, 'Berbroek', NULL),
(114, 90, 'Herk-De-Stad', NULL),
(115, 91, 'Halen', NULL),
(116, 92, 'Heusden', NULL),
(117, 93, 'Heusden-Zolder', NULL),
(118, 94, 'Lummen', NULL),
(119, 95, 'Beverlo', NULL),
(120, 96, 'Paal', NULL),
(121, 97, 'Diepenbeek', NULL),
(122, 98, 'Veldwezelt', NULL),
(123, 99, 'Mechelen-Aan-De-Maas', NULL),
(124, 99, 'Opgrimbie', NULL),
(125, 100, 'Uikhoven', NULL),
(126, 101, 'Kessenich', NULL),
(127, 102, 'Dilsen', NULL),
(128, 103, 'Gruitrode', NULL),
(129, 103, 'Meeuwen-Gruitrode', NULL),
(130, 103, 'Neerglabbeek', NULL),
(131, 35, 'Diets-Heur', NULL),
(132, 35, 'Neerrepen', NULL),
(133, 35, 'Overrepen', NULL),
(134, 35, 'Tongeren', NULL),
(135, 35, 'Vreren', NULL),
(136, 104, 'Guigoven', NULL),
(137, 105, 'Hoeselt', NULL),
(138, 105, 'Romershoven', NULL),
(139, 105, 'Werm', NULL),
(140, 106, 'Munsterbilzen', NULL),
(141, 107, 'Martenslinde', NULL),
(142, 108, 'Hoelbeek', NULL),
(143, 109, 'Fourons', NULL),
(144, 110, 'Fouron-Le-Comte', NULL),
(145, 111, 'Brustem', NULL),
(146, 111, 'Zepperen', NULL),
(147, 112, 'Velm', NULL),
(148, 113, 'Wellen', NULL),
(149, 114, 'Bommershoven', NULL),
(150, 114, 'Borgloon', NULL),
(151, 114, 'Jesseren', NULL),
(152, 114, 'Kerniel', NULL),
(153, 35, 'Kolmont', NULL),
(154, 115, 'Nieuwerkerken', NULL),
(155, 116, 'Mettekoven', NULL),
(156, 116, 'Opheers', NULL),
(157, 117, 'Vorsen', NULL),
(158, 118, 'Overpelt', NULL),
(159, 119, 'Ham', NULL),
(160, 120, 'Beek', NULL),
(161, 120, 'Bree', NULL),
(162, 121, 'Grote-Brogel', NULL),
(163, 121, 'Wijchmaal', NULL),
(164, 122, 'Bressoux', NULL),
(165, 123, 'Herstal', NULL),
(166, 124, 'Vottem', NULL),
(167, 125, 'Vaux-Sous-Chèvremont', NULL),
(168, 126, 'Embourg', NULL),
(169, 127, 'Ehein', NULL),
(170, 128, 'Rotheux-Rimière', NULL),
(171, 129, 'Hannêche', NULL),
(172, 130, 'Ambresin', NULL),
(173, 131, 'Omal', NULL),
(174, 132, 'Fallais', NULL),
(175, 132, 'Fumal', NULL),
(176, 133, 'Moxhe', NULL),
(177, 133, 'Petit-Hallet', NULL),
(178, 133, 'Thisnes', NULL),
(179, 134, 'Lincent', NULL),
(180, 135, 'Bettincourt', NULL),
(181, 135, 'Bleret', NULL),
(182, 135, 'Waremme', NULL),
(183, 136, 'Celles', NULL),
(184, 137, 'Faimes', NULL),
(185, 137, 'Les Waleffes', NULL),
(186, 138, 'Awans', NULL),
(187, 139, 'Hognoul', NULL),
(188, 140, 'Jeneffe', NULL),
(189, 141, 'Thys', NULL),
(190, 142, 'Villers-Saint-Siméon', NULL),
(191, 143, 'Bierset', NULL),
(192, 143, 'Hollogne-Aux-Pierres', NULL),
(193, 144, 'Saint-Georges-Sur-Meuse', NULL),
(194, 127, 'Hermalle-Sous-Huy', NULL),
(195, 145, 'Ben-Ahin', NULL),
(196, 145, 'Huy', NULL),
(197, 146, 'Vinalmont', NULL),
(198, 147, 'Vaux-Et-Borset', NULL),
(199, 148, 'Amay', NULL),
(200, 148, 'Ombret', NULL),
(201, 149, 'Soheit-Tinlot', NULL),
(202, 150, 'Terwagne', NULL),
(203, 151, 'Outrelouxhe', NULL),
(204, 151, 'Strée-Lez-Huy', NULL),
(205, 152, 'Ellemelle', NULL),
(206, 152, 'Warzée', NULL),
(207, 153, 'Lixhe', NULL),
(208, 154, 'Mortroux', NULL),
(209, 155, 'Queue-Du-Bois', NULL),
(210, 156, 'Fléron', NULL),
(211, 157, 'Ayeneux', NULL),
(212, 158, 'Evegnée', NULL),
(213, 159, 'Charneux', NULL),
(214, 160, 'Mortier', NULL),
(215, 161, 'Housse', NULL),
(216, 162, 'Oupeye', NULL),
(217, 163, 'Heusy', NULL),
(218, 164, 'Limbourg', NULL),
(219, 165, 'Goé', NULL),
(220, 166, 'Sart-Lez-Spa', NULL),
(221, 167, 'Plombières', NULL),
(222, 168, 'Sippenaeken', NULL),
(223, 169, 'Hombourg', NULL),
(224, 170, 'Fraipont', NULL),
(225, 170, 'Trooz', NULL),
(226, 171, 'Thimister', NULL),
(227, 172, 'Aywaille', NULL),
(228, 172, 'Ernonheid', NULL),
(229, 173, 'Waimes', NULL),
(230, 174, 'Malmedy', NULL),
(231, 175, 'Trois-Ponts', NULL),
(232, 176, 'Chevron', NULL),
(233, 177, 'Bra', NULL),
(234, 178, 'Beez', NULL),
(235, 179, 'Saint-Servais', NULL),
(236, 180, 'Champion', NULL),
(237, 180, 'Suarlée', NULL),
(238, 180, 'Temploux', NULL),
(239, 181, 'Cognelée', NULL),
(240, 182, 'Beuzet', NULL),
(241, 182, 'Grand-Manil', NULL),
(242, 183, 'Auvelais', NULL),
(243, 183, 'Velaine-Sur-Sambre', NULL),
(244, 184, 'Fosses-La-Ville', NULL),
(245, 184, 'Sart-Eustache', NULL),
(246, 185, 'Villers-Lez-Heest', NULL),
(247, 186, 'Erpent', NULL),
(248, 186, 'Loyers', NULL),
(249, 187, 'Boignée', NULL),
(250, 188, 'Lustin', NULL),
(251, 188, 'Profondeville', NULL),
(252, 189, 'Mornimont', NULL),
(253, 190, 'Landenne', NULL),
(254, 191, 'Branchon', NULL),
(255, 191, 'Hanret', NULL),
(256, 191, 'Leuze', NULL),
(257, 191, 'Noville-Sur-Méhaigne', NULL),
(258, 192, 'Sorinne-La-Longue', NULL),
(259, 193, 'Faulx-Les-Tombes', NULL),
(260, 193, 'Mozet', NULL),
(261, 194, 'Evelette', NULL),
(262, 195, 'Haillot', NULL),
(263, 196, 'Natoye', NULL),
(264, 197, 'Achet', NULL),
(265, 140, 'Flostoy', NULL),
(266, 198, 'Maffe', NULL),
(267, 199, 'Bonsin', NULL),
(268, 199, 'Heure', NULL),
(269, 199, 'Hogne', NULL),
(270, 199, 'Noiseux', NULL),
(271, 200, 'Fernelmont', NULL),
(272, 200, 'Forville', NULL),
(273, 200, 'Marchovelette', NULL),
(274, 201, 'Anthée', NULL),
(275, 202, 'Sommière', NULL),
(276, 203, 'Dorinne', NULL),
(277, 203, 'Evrehailles', NULL),
(278, 204, 'Anhée', NULL),
(279, 205, 'Hermeton-Sur-Meuse', NULL),
(280, 206, 'Alle', NULL),
(281, 206, 'Bohan', NULL),
(282, 206, 'Laforet', NULL),
(283, 206, 'Sugny', NULL),
(284, 207, 'Gros-Fays', NULL),
(285, 207, 'Petit-Fays', NULL),
(286, 208, 'Mesnil-Eglise', NULL),
(287, 209, 'Baronville', NULL),
(288, 209, 'Beauraing', NULL),
(289, 209, 'Vonêche', NULL),
(290, 209, 'Winenne', NULL),
(291, 210, 'Pondrôme', NULL),
(292, 211, 'Bourseigne-Neuve', NULL),
(293, 211, 'Houdremont', NULL),
(294, 211, 'Rienne', NULL),
(295, 211, 'Willerzie', NULL),
(296, 212, 'Han-Sur-Lesse', NULL),
(297, 212, 'Jemelle', NULL),
(298, 212, 'Rochefort', NULL),
(299, 212, 'Wavreille', NULL),
(300, 213, 'Fagnolle', NULL),
(301, 213, 'Jamiolle', NULL),
(302, 213, 'Romedenne', NULL),
(303, 214, 'Corenne', NULL),
(304, 215, 'Hanzinelle', NULL),
(305, 216, 'Ermeton-Sur-Biert', NULL),
(306, 217, 'Chastrès', NULL),
(307, 171, 'Clermont', NULL),
(308, 217, 'Pry', NULL),
(309, 218, 'Laneffe', NULL),
(310, 219, 'Brûly-De-Pesche', NULL),
(311, 219, 'Petite-Chapelle', NULL),
(312, 220, 'Le Mesnil', NULL),
(313, 221, 'Gochenée', NULL),
(314, 221, 'Matagne-La-Grande', NULL),
(315, 221, 'Vodelée', NULL),
(316, 222, 'Marchienne-Au-Pont', NULL),
(317, 223, 'Jumet', NULL),
(318, 224, 'Lodelinsart', NULL),
(319, 225, 'Roux', NULL),
(320, 226, 'Gilly', NULL),
(321, 227, 'Landelies', NULL),
(322, 228, 'Jamioulx', NULL),
(323, 229, 'Bouffioulx', NULL),
(324, 230, 'Wayaux', NULL),
(325, 231, 'Heppignies', NULL),
(326, 232, 'Thiméon', NULL),
(327, 232, 'Viesville', NULL),
(328, 233, 'Luttre', NULL),
(329, 234, 'Pironchamps', NULL),
(330, 235, 'Presles', NULL),
(331, 235, 'Roselies', NULL),
(332, 236, 'Chimay', NULL),
(333, 237, 'Baileux', NULL),
(334, 238, 'Sivry-Rance', NULL),
(335, 239, 'Solre-Saint-Géry', NULL),
(336, 240, 'Leers-Et-Fosteau', NULL),
(337, 241, 'Biesme-Sous-Thuin', NULL),
(338, 242, 'Bienne-Lez-Happart', NULL),
(339, 243, 'Erquelinnes', NULL),
(340, 243, 'Grand-Reng', NULL),
(341, 243, 'Solre-Sur-Sambre', NULL),
(342, 244, 'Juseret', NULL),
(343, 245, 'Mabompré', NULL),
(344, 246, 'Limerlé', NULL),
(345, 247, 'Lavacherie', NULL),
(346, 191, 'Longchamps', NULL),
(347, 248, 'Toernich', NULL),
(348, 249, 'Saint-Vincent', NULL),
(349, 250, 'Vance', NULL),
(350, 251, 'Châtillon', NULL),
(351, 252, 'Sommethonne', NULL),
(352, 253, 'Wolkrange', NULL),
(353, 254, 'Sélange', NULL),
(354, 255, 'Habergy', NULL),
(355, 256, 'Athus', NULL),
(356, 257, 'Sainte-Marie-Chevigny', NULL),
(357, 258, 'Les Bulles', NULL),
(358, 259, 'Villers-Devant-Orval', NULL),
(359, 260, 'Dohan', NULL),
(360, 261, 'Grapfontaine', NULL),
(361, 261, 'Longlier', NULL),
(362, 261, 'Tournay', NULL),
(363, 262, 'Bertrix', NULL),
(364, 262, 'Cugnon', NULL),
(365, 262, 'Orgeo', NULL),
(366, 263, 'Herbeumont', NULL),
(367, 264, 'Ochamps', NULL),
(368, 265, 'Hargimont', NULL),
(369, 266, 'Sohier', NULL),
(370, 266, 'Wellin', NULL),
(371, 267, 'Lomprez', NULL),
(372, 268, 'Gembes', NULL),
(373, 268, 'Haut-Fays', NULL),
(374, 269, 'Grandhan', NULL),
(375, 269, 'Septon', NULL),
(376, 270, 'Borlon', NULL),
(377, 271, 'Harsin', NULL),
(378, 272, 'Lesterny', NULL),
(379, 273, 'Grandmenil', NULL),
(380, 273, 'Malempré', NULL),
(381, 273, 'Manhay', NULL),
(382, 274, 'Tenneville', NULL),
(383, 275, 'Erneuville', NULL),
(384, 276, 'Hives', NULL),
(385, 277, 'Rendeux', NULL),
(386, 278, 'Fronville', NULL),
(387, 279, 'Amonines', NULL),
(388, 280, 'Mons', NULL),
(389, 281, 'Saint-Symphorien', NULL),
(390, 282, 'Havay', NULL),
(391, 283, 'Erbisoeul', NULL),
(392, 283, 'Jurbise', NULL),
(393, 283, 'Masnuy-Saint-Pierre', NULL),
(394, 284, 'Soignies', NULL),
(395, 285, 'Eugies', NULL),
(396, 285, 'Noirchain', NULL),
(397, 286, 'Hennuyères', NULL),
(398, 286, 'Petit-Roeulx-Lez-Braine', NULL),
(399, 286, 'Ronquières', NULL),
(400, 287, 'Haine-Saint-Paul', NULL),
(401, 288, 'Boussoit', NULL),
(402, 288, 'Strépy-Bracquegnies', NULL),
(403, 289, 'Croix-Lez-Rouveroy', NULL),
(404, 289, 'Fauroeulx', NULL),
(405, 289, 'Vellereille-Les-Brayeux', NULL),
(406, 290, 'Binche', NULL),
(407, 291, 'Waudrez', NULL),
(408, 292, 'Buvrinnes', NULL),
(409, 293, 'Leval-Trahegnies', NULL),
(410, 293, 'Ressaix', NULL),
(411, 294, 'Morlanwelz-Mariemont', NULL),
(412, 295, 'Bois-D\'haine', NULL),
(413, 296, 'Petit-Roeulx-Lez-Nivelles', NULL),
(414, 297, 'Ecaussinnes-D\'enghien', NULL),
(415, 297, 'Marche-Lez-Ecaussinnes', NULL),
(416, 298, 'Bernissart', NULL),
(417, 299, 'Baudour', NULL),
(418, 300, 'Sirault', NULL),
(419, 301, 'Tertre', NULL),
(420, 302, 'Paturages', NULL),
(421, 303, 'Hainin', NULL),
(422, 304, 'Autreppe', NULL),
(423, 305, 'Wasmuel', NULL),
(424, 306, 'Ere', NULL),
(425, 306, 'Saint-Maur', NULL),
(426, 307, 'Esplechin', NULL),
(427, 308, 'Lamain', NULL),
(428, 309, 'Beclers', NULL),
(429, 310, 'Rumillies', NULL),
(430, 311, 'Mourcourt', NULL),
(431, 312, 'Warchin', NULL),
(432, 313, 'Wiers', NULL),
(433, 314, 'Rumes', NULL),
(434, 315, 'Taintignies', NULL),
(435, 316, 'Jollain-Merlin', NULL),
(436, 317, 'Howardries', NULL),
(437, 318, 'Warcoing', NULL),
(438, 319, 'Esquelmes', NULL),
(439, 319, 'Obigies', NULL),
(440, 320, 'Anseroeul', NULL),
(441, 321, 'Comines', NULL),
(442, 322, 'Warneton', NULL),
(443, 323, 'Irchonwelz', NULL),
(444, 324, 'Bouvignies', NULL),
(445, 188, 'Arbre', NULL),
(446, 325, 'Villers-Notre-Dame', NULL),
(447, 326, 'Ghislenghien', NULL),
(448, 327, 'Hellebecq', NULL),
(449, 327, 'Hoves', NULL),
(450, 327, 'Thoricourt', NULL),
(451, 328, 'Petit-Enghien', NULL),
(452, 329, 'Bois-De-Lessines', NULL),
(453, 330, 'Bauffe', NULL),
(454, 331, 'Flobecq', NULL),
(455, 332, 'Ellezelles', NULL),
(456, 332, 'Lahamaide', NULL),
(457, 333, 'Arc-Wattripont', NULL),
(458, 333, 'Wattripont', NULL),
(459, 334, 'Buissenal', NULL),
(460, 334, 'Montroeul-Au-Bois', NULL),
(461, 335, 'Chièvres', NULL),
(462, 336, 'Beloeil', NULL),
(463, 337, 'Aubechies', NULL),
(464, 338, 'Koolkerke', NULL),
(465, 339, 'Sint-Andries', NULL),
(466, 340, 'Zedelgem', NULL),
(467, 341, 'Meetkerke', NULL),
(468, 341, 'Zuienkerke', NULL),
(469, 342, 'Klemskerke', NULL),
(470, 343, 'Sint-Pieters-Kapelle', NULL),
(471, 344, 'Slijpe', NULL),
(472, 345, 'Gistel', NULL),
(473, 346, 'Snellegem', NULL),
(474, 347, 'Kortrijk', NULL),
(475, 348, 'Bissegem', NULL),
(476, 349, 'Harelbeke', NULL),
(477, 350, 'Hulste', NULL),
(478, 351, 'Moen', NULL),
(479, 352, 'Sint-Denijs', NULL),
(480, 353, 'Kerkhove', NULL),
(481, 354, 'Bossuit', NULL),
(482, 355, 'Espierres', NULL),
(483, 355, 'Helchin', NULL),
(484, 356, 'Kaaskerke', NULL),
(485, 356, 'Leke', NULL),
(486, 356, 'Oudekapelle', NULL),
(487, 356, 'Woumen', NULL),
(488, 357, 'Avekapelle', NULL),
(489, 357, 'Bulskamp', NULL),
(490, 357, 'Houtem', NULL),
(491, 357, 'Steenkerke', NULL),
(492, 357, 'Veurne', NULL),
(493, 358, 'Lo', NULL),
(494, 358, 'Reninge', NULL),
(495, 359, 'Oostduinkerke', NULL),
(496, 359, 'Wulpen', NULL),
(497, 360, 'Hoogstade', NULL),
(498, 360, 'Oeren', NULL),
(499, 360, 'Sint-Rijkers', NULL),
(500, 361, 'Schuiferskapelle', NULL),
(501, 362, 'Ooigem', NULL),
(502, 363, 'Oeselgem', NULL),
(503, 364, 'Ingelmunster', NULL),
(504, 365, 'Waregem', NULL),
(505, 366, 'Oekene', NULL),
(506, 367, 'Torhout', NULL),
(507, 368, 'Staden', NULL),
(508, 369, 'Ardooie', NULL),
(509, 370, 'Ledegem', NULL),
(510, 371, 'Brielen', NULL),
(511, 371, 'Dikkebus', NULL),
(512, 372, 'Zillebeke', NULL),
(513, 373, 'Elverdinge', NULL),
(514, 374, 'Bikschote', NULL),
(515, 374, 'Poelkapelle', NULL),
(516, 375, 'Menen', NULL),
(517, 376, 'Poperinge', NULL),
(518, 377, 'Gent', NULL),
(519, 378, 'Mariakerke', NULL),
(520, 379, 'Ledeberg', NULL),
(521, 380, 'Melle', NULL),
(522, 381, 'Kallo', NULL),
(523, 381, 'Kieldrecht', NULL),
(524, 381, 'Verrebroek', NULL),
(525, 382, 'Temse', NULL),
(526, 382, 'Tielrode', NULL),
(527, 383, 'Kemzeke', NULL),
(528, 384, 'Dendermonde', NULL),
(529, 384, 'Mespelare', NULL),
(530, 384, 'Schoonaarde', NULL),
(531, 385, 'Massemen', NULL),
(532, 386, 'Serskamp', NULL),
(533, 386, 'Wichelen', NULL),
(534, 387, 'Laarne', NULL),
(535, 388, 'Wieze', NULL),
(536, 389, 'Gijzegem', NULL),
(537, 390, 'Herdersem', NULL),
(538, 390, 'Moorsel', NULL),
(539, 391, 'Lede', NULL),
(540, 391, 'Oordegem', NULL),
(541, 391, 'Wanzele', NULL),
(542, 392, 'Lieferinge', NULL),
(543, 393, 'Pollare', NULL),
(544, 394, 'Neigem', NULL),
(545, 395, 'Burst', NULL),
(546, 395, 'Erpe', NULL),
(547, 396, 'Haaltert', NULL),
(548, 396, 'Heldergem', NULL),
(549, 397, 'Iddergem', NULL),
(550, 398, 'Nederboelare', NULL),
(551, 398, 'Overboelare', NULL),
(552, 399, 'Grimminge', NULL),
(553, 399, 'Schendelbeke', NULL),
(554, 400, 'Bavegem', NULL),
(555, 401, 'Herzele', NULL),
(556, 402, 'Lierde', NULL),
(557, 402, 'Sint-Maria-Lierde', NULL),
(558, 403, 'Sint-Martens-Lierde', NULL),
(559, 404, 'Renaix', NULL),
(560, 405, 'Grotenberge', NULL),
(561, 405, 'Sint-Goriks-Oudenhove', NULL),
(562, 406, 'Beerlegem', NULL),
(563, 406, 'Dikkele', NULL),
(564, 406, 'Rozebeke', NULL),
(565, 407, 'Michelbeke', NULL),
(566, 407, 'Nederbrakel', NULL),
(567, 408, 'Kluisbergen', NULL),
(568, 409, 'Nederename', NULL),
(569, 410, 'Zingem', NULL),
(570, 411, 'Kruishoutem', NULL),
(571, 412, 'Wortegem', NULL),
(572, 413, 'Zeveren', NULL),
(573, 414, 'Sint-Martens-Latem', NULL),
(574, 415, 'Zevergem', NULL),
(575, 416, 'Landegem', NULL),
(576, 417, 'Balegem', NULL),
(577, 417, 'Landskouter', NULL),
(578, 417, 'Scheldewindeke', NULL),
(579, 418, 'Olsene', NULL),
(580, 418, 'Zulte', NULL),
(581, 419, 'Gavere', NULL),
(582, 420, 'Oostwinkel', NULL),
(583, 421, 'Assenede', NULL),
(584, 422, 'Oosteeklo', NULL),
(585, 423, 'Jette', NULL),
(586, 424, 'Auderghem', NULL),
(587, 4, 'Wavre', NULL),
(588, 5, 'Glimes', NULL),
(589, 5, 'Opprebais', NULL),
(590, 6, 'Chaumont-Gistoux', NULL),
(591, 425, 'Rosières', NULL),
(592, 8, 'Noduwez', NULL),
(593, 8, 'Orp-Jauche', NULL),
(594, 9, 'Opheylissem', NULL),
(595, 10, 'Thorembais-Les-Béguines', NULL),
(596, 10, 'Thorembais-Saint-Trond', NULL),
(597, 426, 'Autre-Eglise', NULL),
(598, 426, 'Huppaye', NULL),
(599, 11, 'Dongelberg', NULL),
(600, 11, 'Jauchelette', NULL),
(601, 11, 'Saint-Jean-Geest', NULL),
(602, 12, 'Grez-Doiceau', NULL),
(603, 427, 'Nivelles', NULL),
(604, 428, 'Thines', NULL),
(605, 15, 'Rebecq-Rognon', NULL),
(606, 429, 'Wauthier-Braine', NULL),
(607, 430, 'Loupoigne', NULL),
(608, 431, 'Glabais', NULL),
(609, 432, 'Oisquercq', NULL),
(610, 432, 'Tubize', NULL),
(611, 433, 'Marbais', NULL),
(612, 433, 'Villers-La-Ville', NULL),
(613, 434, 'Lembeek', NULL),
(614, 435, 'Herne', NULL),
(615, 436, 'Hoeilaart', NULL),
(616, 437, 'Oudenaken', NULL),
(617, 438, 'Drogenbos', NULL),
(618, 439, 'Alsemberg', NULL),
(619, 440, 'Bogaarden', NULL),
(620, 440, 'Pepingen', NULL),
(621, 441, 'Itterbeek', NULL),
(622, 442, 'Bekkerzeel', NULL),
(623, 442, 'Kobbegem', NULL),
(624, 442, 'Mollem', NULL),
(625, 443, 'Wambeek', NULL),
(626, 444, 'Gooik', NULL),
(627, 445, 'Pamel', NULL),
(628, 446, 'Liedekerke', NULL),
(629, 447, 'Peutie', NULL),
(630, 448, 'Malderen', NULL),
(631, 449, 'Kapelle-Op-Den-Bos', NULL),
(632, 449, 'Nieuwenrode', NULL),
(633, 450, 'Kraainem', NULL),
(634, 451, 'Wezembeek-Oppem', NULL),
(635, 452, 'Eppegem', NULL),
(636, 389, 'Hofstade', NULL),
(637, 453, 'Lillo', NULL),
(638, 453, 'Zandvliet', NULL),
(639, 454, 'Morkhoven', NULL),
(640, 454, 'Noorderwijk', NULL),
(641, 455, 'Zandhoven', NULL),
(642, 45, 'Westerlo', NULL),
(643, 456, 'Gierle', NULL),
(644, 457, 'Minderhout', NULL),
(645, 458, 'Wortel', NULL),
(646, 459, 'Merksplas', NULL),
(647, 460, 'Beerse', NULL),
(648, 461, 'Vosselaar', NULL),
(649, 462, 'Weelde', NULL),
(650, 463, 'Baarle-Hertog', NULL),
(651, 464, 'Mol', NULL),
(652, 465, 'Eindhout', NULL),
(653, 466, 'Geel', NULL),
(654, 467, 'Kasterlee', NULL),
(655, 467, 'Lichtaart', NULL),
(656, 468, 'Lier', NULL),
(657, 469, 'Kontich', NULL),
(658, 470, 'Wilrijk', NULL),
(659, 471, 'Edegem', NULL),
(660, 472, 'Hoboken', NULL),
(661, 58, 'Hombeek', NULL),
(662, 473, 'Muizen', NULL),
(663, 474, 'Puurs', NULL),
(664, 475, 'Weert', NULL),
(665, 476, 'Hoevenen', NULL),
(666, 476, 'Stabroek', NULL),
(667, 477, 'Kapellen', NULL),
(668, 63, 'Sint-Job-In-\'t-Goor', NULL),
(669, 478, '\'s Gravenwezel', NULL),
(670, 478, 'Schilde', NULL),
(671, 479, 'Halle', NULL),
(672, 480, 'Blanden', NULL),
(673, 69, 'Korbeek-Dijle', NULL),
(674, 481, 'Rotselaar', NULL),
(675, 482, 'Wezemaal', NULL),
(676, 483, 'Tremelo', NULL),
(677, 72, 'Tildonk', NULL),
(678, 484, 'Hever', NULL),
(679, 485, 'Pellenberg', NULL),
(680, 486, 'Scherpenheuvel-Zichem', NULL),
(681, 76, 'Messelbroek', NULL),
(682, 40, 'Diest', NULL),
(683, 40, 'Schaffen', NULL),
(684, 40, 'Webbekom', NULL),
(685, 77, 'Kumtich', NULL),
(686, 77, 'Oplinter', NULL),
(687, 487, 'Hoegaarden', NULL),
(688, 488, 'Lovenjoel', NULL),
(689, 79, 'Vertrijk', NULL),
(690, 489, 'Glabbeek', NULL),
(691, 490, 'Attenrode', NULL),
(692, 491, 'Houwaart', NULL),
(693, 492, 'Meensel-Kiezegem', NULL),
(694, 81, 'Walsbets', NULL),
(695, 493, 'Attenhoven', NULL),
(696, 82, 'Zoutleeuw', NULL),
(697, 83, 'Grazen', NULL),
(698, 494, 'Rummen', NULL),
(699, 495, 'Kortenaken', NULL),
(700, 88, 'Kuringen', NULL),
(701, 89, 'Helchteren', NULL),
(702, 94, 'Linkhout', NULL),
(703, 496, 'Alken', NULL),
(704, 101, 'Kinrooi', NULL),
(705, 102, 'Rotem', NULL),
(706, 103, 'Meeuwen', NULL),
(707, 497, 'Opoeteren', NULL),
(708, 35, '\'s Herenelderen', NULL),
(709, 35, 'Rutten', NULL),
(710, 498, 'Herstappe', NULL),
(711, 106, 'Grote-Spouwen', NULL),
(712, 106, 'Mopertingen', NULL),
(713, 106, 'Rosmeer', NULL),
(714, 499, 'Riemst', NULL),
(715, 111, 'Groot-Gelmen', NULL),
(716, 111, 'Kerkom-Bij-Sint-Truiden', NULL),
(717, 500, 'Duras', NULL),
(718, 500, 'Wilderen', NULL),
(719, 501, 'Herten', NULL),
(720, 502, 'Ulbeek', NULL),
(721, 114, 'Rijkel', NULL),
(722, 114, 'Voort', NULL),
(723, 116, 'Batsheers', NULL),
(724, 116, 'Horpmaal', NULL),
(725, 116, 'Mechelen-Bovelingen', NULL),
(726, 117, 'Kortijs', NULL),
(727, 473, 'Borlo', NULL),
(728, 473, 'Buvingen', NULL),
(729, 473, 'Mielen-Boven-Aalst', NULL),
(730, 503, 'Achel', NULL),
(731, 504, 'Hechtel-Eksel', NULL),
(732, 505, 'Eksel', NULL),
(733, 119, 'Kwaadmechelen', NULL),
(734, 506, 'Leopoldsburg', NULL),
(735, 507, 'Tessenderlo', NULL),
(736, 121, 'Peer', NULL),
(737, 508, 'Glain', NULL),
(738, 122, 'Jupille-Sur-Meuse', NULL),
(739, 122, 'Wandre', NULL),
(740, 509, 'Angleur', NULL),
(741, 510, 'Plainevaux', NULL),
(742, 511, 'Dolembreux', NULL),
(743, 511, 'Gomzé-Andoumont', NULL),
(744, 172, 'Louveigné', NULL),
(745, 512, 'My', NULL),
(746, 512, 'Xhoris', NULL),
(747, 129, 'Marneffe', NULL),
(748, 513, 'Héron', NULL),
(749, 513, 'Lavoir', NULL),
(750, 513, 'Waret-L\'evêque', NULL),
(751, 514, 'Couthuin', NULL),
(752, 130, 'Acosse', NULL),
(753, 515, 'Boëlhe', NULL),
(754, 515, 'Geer', NULL),
(755, 515, 'Hollogne-Sur-Geer', NULL),
(756, 515, 'Lens-Saint-Servais', NULL),
(757, 516, 'Berloz', NULL),
(758, 132, 'Avennes', NULL),
(759, 132, 'Braives', NULL),
(760, 132, 'Ville-En-Hesbaye', NULL),
(761, 133, 'Avin', NULL),
(762, 133, 'Crehen', NULL),
(763, 133, 'Trognée', NULL),
(764, 133, 'Villers-Le-Peuplier', NULL),
(765, 134, 'Pellaines', NULL),
(766, 135, 'Lantremange', NULL),
(767, 137, 'Aineffe', NULL),
(768, 137, 'Borlez', NULL),
(769, 138, 'Villers-L\'evêque', NULL),
(770, 517, 'Freloux', NULL),
(771, 518, 'Noville', NULL),
(772, 519, 'Pousset', NULL),
(773, 520, 'Limont', NULL),
(774, 521, 'Lens-Sur-Geer', NULL),
(775, 521, 'Otrange', NULL),
(776, 141, 'Crisnée', NULL),
(777, 141, 'Kemexhe', NULL),
(778, 522, 'Flémalle-Grande', NULL),
(779, 523, 'Montegnée', NULL),
(780, 524, 'Xhendremael', NULL),
(781, 525, 'Voroux-Lez-Liers', NULL),
(782, 526, 'Paifve', NULL),
(783, 526, 'Wihogne', NULL),
(784, 143, 'Velroux', NULL),
(785, 127, 'Clermont-Sous-Huy', NULL),
(786, 127, 'Engis', NULL),
(787, 145, 'Tihange', NULL),
(788, 146, 'Bas-Oha', NULL),
(789, 147, 'Warnant-Dreye', NULL),
(790, 527, 'Saint-Séverin', NULL),
(791, 149, 'Tinlot', NULL),
(792, 150, 'Les Avins', NULL),
(793, 150, 'Ocquier', NULL),
(794, 528, 'Marchin', NULL),
(795, 528, 'Vyle-Et-Tharoul', NULL),
(796, 151, 'Modave', NULL),
(797, 153, 'Richelle', NULL),
(798, 154, 'Feneur', NULL),
(799, 155, 'Bellaire', NULL),
(800, 155, 'Beyne-Heusay', NULL),
(801, 157, 'Soumagne', NULL),
(802, 157, 'Tignée', NULL),
(803, 529, 'Herve', NULL),
(804, 160, 'Trembleur', NULL),
(805, 236, 'Saint-Remy', NULL),
(806, 162, 'Hermée', NULL),
(807, 530, 'Haccourt', NULL),
(808, 531, 'Glons', NULL),
(809, 531, 'Roclenge-Sur-Geer', NULL),
(810, 532, 'Kettenis', NULL),
(811, 533, 'La Calamine', NULL),
(812, 534, 'Hergenrath', NULL),
(813, 535, 'Hauset', NULL),
(814, 536, 'Heppenbach', NULL),
(815, 537, 'Crombach', NULL),
(816, 538, 'Reuland', NULL),
(817, 539, 'Thommen', NULL),
(818, 540, 'Lambermont', NULL),
(819, 541, 'Stembert', NULL),
(820, 542, 'Dison', NULL),
(821, 543, 'Bilstain', NULL),
(822, 544, 'Baelen', NULL),
(823, 544, 'Membach', NULL),
(824, 545, 'Cornesse', NULL),
(825, 170, 'Forêt', NULL),
(826, 546, 'Spa', NULL),
(827, 173, 'Faymonville', NULL),
(828, 173, 'Robertville', NULL),
(829, 175, 'Fosse', NULL),
(830, 176, 'Lorcé', NULL),
(831, 547, 'Belgrade', NULL),
(832, 180, 'Daussoulx', NULL),
(833, 180, 'Vedrin', NULL),
(834, 548, 'Boninne', NULL),
(835, 549, 'Marche-Les-Dames', NULL),
(836, 182, 'Ernage', NULL),
(837, 182, 'Sauvenière', NULL),
(838, 550, 'Grand-Leez', NULL),
(839, 551, 'Bossière', NULL),
(840, 183, 'Tamines', NULL),
(841, 185, 'Warisoulx', NULL),
(842, 552, 'Meux', NULL),
(843, 553, 'Wépion', NULL),
(844, 188, 'Bois-De-Villers', NULL),
(845, 189, 'Balâtre', NULL),
(846, 189, 'Saint-Martin', NULL),
(847, 190, 'Sclayn', NULL),
(848, 191, 'Aische-En-Refail', NULL),
(849, 191, 'Eghezée', NULL),
(850, 191, 'Taviers', NULL),
(851, 554, 'Sart-Bernard', NULL),
(852, 555, 'Crupet', NULL),
(853, 556, 'Florée', NULL),
(854, 557, 'Scy', NULL),
(855, 558, 'Emptinne', NULL),
(856, 199, 'Nettinne', NULL),
(857, 200, 'Bierwart', NULL),
(858, 559, 'Dréhance', NULL),
(859, 560, 'Thynes', NULL),
(860, 561, 'Foy-Notre-Dame', NULL),
(861, 201, 'Onhaye', NULL),
(862, 562, 'Serville', NULL),
(863, 202, 'Weillen', NULL),
(864, 203, 'Yvoir', NULL),
(865, 206, 'Mouzaive', NULL),
(866, 207, 'Monceau-En-Ardenne', NULL),
(867, 207, 'Naomé', NULL),
(868, 209, 'Felenne', NULL),
(869, 209, 'Feschaux', NULL),
(870, 211, 'Louette-Saint-Denis', NULL),
(871, 212, 'Ave-Et-Auffe', NULL),
(872, 212, 'Eprave', NULL),
(873, 212, 'Lessive', NULL),
(874, 563, 'Braibant', NULL),
(875, 563, 'Ciney', NULL),
(876, 563, 'Conneux', NULL),
(877, 563, 'Sovet', NULL),
(878, 213, 'Jamagne', NULL),
(879, 213, 'Neuville', NULL),
(880, 213, 'Omezée', NULL),
(881, 213, 'Philippeville', NULL),
(882, 213, 'Sautour', NULL),
(883, 213, 'Villers-En-Fagne', NULL),
(884, 214, 'Florennes', NULL),
(885, 214, 'Hemptinne-Lez-Florennes', NULL),
(886, 214, 'Saint-Aubin', NULL),
(887, 564, 'Cerfontaine', NULL),
(888, 564, 'Soumoy', NULL),
(889, 565, 'Biesmerée', NULL),
(890, 565, 'Graux', NULL),
(891, 565, 'Oret', NULL),
(892, 219, 'Aublain', NULL),
(893, 219, 'Pesche', NULL),
(894, 220, 'Dourbes', NULL),
(895, 220, 'Mazée', NULL),
(896, 220, 'Oignies-En-Thiérache', NULL),
(897, 220, 'Olloy-Sur-Viroin', NULL),
(898, 566, 'Dampremy', NULL),
(899, 567, 'Gosselies', NULL),
(900, 228, 'Ham-Sur-Heure', NULL),
(901, 568, 'Leernes', NULL),
(902, 569, 'Courcelles', NULL),
(903, 229, 'Châtelineau', NULL),
(904, 231, 'Wangenies', NULL),
(905, 570, 'Wagnelée', NULL),
(906, 571, 'Wanfercée-Baulet', NULL),
(907, 235, 'Aiseau-Presles', NULL),
(908, 235, 'Pont-De-Loup', NULL),
(909, 572, 'Gerpinnes', NULL),
(910, 572, 'Gougnies', NULL),
(911, 572, 'Joncret', NULL),
(912, 572, 'Villers-Poterie', NULL),
(913, 573, 'Erpion', NULL),
(914, 236, 'Bailièvre', NULL),
(915, 236, 'Villers-La-Tour', NULL),
(916, 237, 'Forges', NULL),
(917, 239, 'Leugnies', NULL),
(918, 240, 'Thuin', NULL),
(919, 574, 'Biercée', NULL),
(920, 575, 'Gozée', NULL),
(921, 243, 'Bersillies-L\'abbaye', NULL),
(922, 243, 'Hantes-Wihéries', NULL),
(923, 243, 'Montignies-Saint-Christophe', NULL),
(924, 576, 'Fontaine-Valmont', NULL),
(925, 577, 'Macon', NULL),
(926, 578, 'Macquenoise', NULL),
(927, 579, 'Beauwelz', NULL),
(928, 518, 'Bastogne', NULL),
(929, 580, 'Martelange', NULL),
(930, 581, 'Fauvillers', NULL),
(931, 581, 'Hollange', NULL),
(932, 581, 'Tintange', NULL),
(933, 582, 'Nives', NULL),
(934, 582, 'Sibret', NULL),
(935, 203, 'Mont', NULL),
(936, 583, 'Tavigny', NULL),
(937, 584, 'Wibrin', NULL),
(938, 585, 'Bovigny', NULL),
(939, 586, 'Sainte-Ode', NULL),
(940, 587, 'Vielsalm', NULL),
(941, 248, 'Heinsch', NULL),
(942, 588, 'Attert', NULL),
(943, 588, 'Nothomb', NULL),
(944, 588, 'Thiaumont', NULL),
(945, 589, 'Habay', NULL),
(946, 589, 'Habay-La-Neuve', NULL),
(947, 590, 'Houdemont', NULL),
(948, 591, 'Etalle', NULL),
(949, 591, 'Sainte-Marie-Sur-Semois', NULL),
(950, 592, 'Buzenol', NULL),
(951, 593, 'Saint-Léger', NULL),
(952, 252, 'Gérouville', NULL),
(953, 252, 'Villers-La-Loue', NULL),
(954, 594, 'Aubange', NULL),
(955, 595, 'Rachecourt', NULL),
(956, 257, 'Saint-Pierre', NULL),
(957, 596, 'Chiny', NULL),
(958, 597, 'Suxy', NULL),
(959, 598, 'Chassepierre', NULL),
(960, 599, 'Sensenruth', NULL),
(961, 261, 'Grandvoir', NULL),
(962, 600, 'Offagne', NULL),
(963, 601, 'Opont', NULL),
(964, 602, 'Léglise', NULL),
(965, 264, 'Villance', NULL),
(966, 265, 'Marche-En-Famenne', NULL),
(967, 265, 'Roy', NULL),
(968, 603, 'Bure', NULL),
(969, 603, 'Grupont', NULL),
(970, 268, 'Daverdisse', NULL),
(971, 604, 'Bande', NULL),
(972, 273, 'Harre', NULL),
(973, 273, 'Odeigne', NULL),
(974, 605, 'La Roche-En-Ardenne', NULL),
(975, 277, 'Beffe', NULL),
(976, 277, 'Hodister', NULL),
(977, 277, 'Marcourt', NULL),
(978, 278, 'Marenne', NULL),
(979, 279, 'Soy', NULL),
(980, 606, 'Ghlin', NULL),
(981, 607, 'Jemappes', NULL),
(982, 608, 'Maisières', NULL),
(983, 609, 'Mesvin', NULL),
(984, 610, 'Villers-Saint-Ghislain', NULL),
(985, 611, 'Cuesmes', NULL),
(986, 287, 'Trivières', NULL),
(987, 288, 'Maurage', NULL),
(988, 289, 'Peissant', NULL),
(989, 289, 'Rouveroy', NULL),
(990, 293, 'Péronnes-Lez-Binche', NULL),
(991, 612, 'Carnières', NULL),
(992, 613, 'Chapelle-Lez-Herlaimont', NULL),
(993, 613, 'Piéton', NULL),
(994, 295, 'Bellecourt', NULL),
(995, 297, 'Ecaussinnes', NULL),
(996, 614, 'Ecaussinnes-Lalaing', NULL),
(997, 615, 'Pommeroeul', NULL),
(998, 302, 'Colfontaine', NULL),
(999, 616, 'Dour', NULL),
(1000, 617, 'Baisieux', NULL),
(1001, 304, 'Angreau', NULL),
(1002, 304, 'Fayt-Le-Franc', NULL),
(1003, 618, 'Willemeau', NULL),
(1004, 619, 'Barry', NULL),
(1005, 620, 'Wasmes-Audemez-Briffoeil', NULL),
(1006, 316, 'Hollain', NULL),
(1007, 316, 'Wez-Velvain', NULL),
(1008, 621, 'Laplaigne', NULL),
(1009, 622, 'Rongy', NULL),
(1010, 593, 'Bailleul', NULL),
(1011, 623, 'Hérinnes-Lez-Pecq', NULL),
(1012, 624, 'Molenbaix', NULL),
(1013, 624, 'Pottes', NULL),
(1014, 625, 'Houthem', NULL),
(1015, 626, 'Ath', NULL),
(1016, 626, 'Lanquesaint', NULL),
(1017, 325, 'Houtaing', NULL),
(1018, 327, 'Gondregnies', NULL),
(1019, 327, 'Graty', NULL),
(1020, 627, 'Papignies', NULL),
(1021, 628, 'Ghoy', NULL),
(1022, 629, 'Deux-Acren', NULL),
(1023, 330, 'Lombise', NULL),
(1024, 330, 'Montignies-Lez-Lens', NULL),
(1025, 332, 'Wodecq', NULL),
(1026, 630, 'Leuze-En-Hainaut', NULL),
(1027, 631, 'Chapelle-À-Wattines', NULL),
(1028, 632, 'Pipaix', NULL),
(1029, 632, 'Tourpes', NULL),
(1030, 632, 'Willaupuis', NULL),
(1031, 633, 'Forest', NULL),
(1032, 333, 'Frasnes-Lez-Anvaing', NULL),
(1033, 334, 'Frasnes-Lez-Buissenal', NULL),
(1034, 334, 'Hacquegnies', NULL),
(1035, 634, 'Dergneau', NULL),
(1036, 634, 'Saint-Sauveur', NULL),
(1037, 635, 'Brugelette', NULL),
(1038, 636, 'Thumaide', NULL),
(1039, 338, 'Brugge', NULL),
(1040, 637, 'Hertsberge', NULL),
(1041, 637, 'Waardamme', NULL),
(1042, 340, 'Loppem', NULL),
(1043, 340, 'Veldegem', NULL),
(1044, 638, 'Aartrijke', NULL),
(1045, 639, 'Knokke', NULL),
(1046, 639, 'Westkapelle', NULL),
(1047, 640, 'Assebroek', NULL),
(1048, 640, 'Sint-Kruis', NULL),
(1049, 641, 'Hoeke', NULL),
(1050, 642, 'Blankenberge', NULL),
(1051, 642, 'Uitkerke', NULL),
(1052, 643, 'Dudzele', NULL),
(1053, 644, 'Middelkerke', NULL),
(1054, 645, 'Wilskerke', NULL),
(1055, 646, 'Lombardsijde', NULL),
(1056, 647, 'Roksem', NULL),
(1057, 345, 'Moere', NULL),
(1058, 346, 'Jabbeke', NULL),
(1059, 346, 'Stalhille', NULL),
(1060, 348, 'Heule', NULL),
(1061, 648, 'Marke', NULL),
(1062, 649, 'Kuurne', NULL),
(1063, 650, 'Vichte', NULL),
(1064, 651, 'Kaster', NULL),
(1065, 652, 'Avelgem', NULL),
(1066, 653, 'Outrijve', NULL),
(1067, 641, 'Oostkerke', NULL),
(1068, 356, 'Vladslo', NULL),
(1069, 654, 'Vleteren', NULL),
(1070, 358, 'Pollinkhove', NULL),
(1071, 655, 'Merkem', NULL),
(1072, 656, 'Adinkerke', NULL),
(1073, 657, 'Zande', NULL),
(1074, 658, 'Stavele', NULL),
(1075, 361, 'Kanegem', NULL),
(1076, 363, 'Dentergem', NULL),
(1077, 659, 'Pittem', NULL),
(1078, 660, 'Meulebeke', NULL),
(1079, 661, 'Beveren', NULL),
(1080, 662, 'Lichtervelde', NULL),
(1081, 663, 'Hooglede', NULL),
(1082, 368, 'Westrozebeke', NULL),
(1083, 664, 'Dadizele', NULL),
(1084, 372, 'Hollebeke', NULL),
(1085, 665, 'Vlamertinge', NULL),
(1086, 374, 'Langemark', NULL),
(1087, 666, 'Krombeke', NULL),
(1088, 666, 'Proven', NULL),
(1089, 667, 'Zandvoorde', NULL),
(1090, 668, 'Sint-Amandsberg', NULL),
(1091, 379, 'Gentbrugge', NULL),
(1092, 669, 'Afsnee', NULL),
(1093, 669, 'Sint-Denijs-Westrem', NULL),
(1094, 670, 'Zwijnaarde', NULL),
(1095, 671, 'Zelzate', NULL),
(1096, 380, 'Gontrode', NULL),
(1097, 672, 'Nieuwkerken-Waas', NULL),
(1098, 382, 'Steendorp', NULL),
(1099, 673, 'Eksaarde', NULL),
(1100, 674, 'Wachtebeke', NULL),
(1101, 384, 'Sint-Gillis-Dendermonde', NULL),
(1102, 390, 'Baardegem', NULL),
(1103, 392, 'Appelterre-Eichem', NULL),
(1104, 392, 'Ninove', NULL),
(1105, 392, 'Okegem', NULL),
(1106, 395, 'Aaigem', NULL),
(1107, 395, 'Erpe-Mere', NULL),
(1108, 396, 'Denderhoutem', NULL),
(1109, 399, 'Waarbeke', NULL),
(1110, 400, 'Zonnegem', NULL),
(1111, 401, 'Sint-Antelinks', NULL),
(1112, 401, 'Sint-Lievens-Esse', NULL),
(1113, 675, 'Ressegem', NULL),
(1114, 405, 'Erwetegem', NULL),
(1115, 405, 'Godveerdegem', NULL),
(1116, 406, 'Meilegem', NULL),
(1117, 406, 'Munkzwalm', NULL),
(1118, 406, 'Paulatem', NULL),
(1119, 676, 'Nederzwalm-Hermelgem', NULL),
(1120, 407, 'Brakel', NULL),
(1121, 677, 'Horebeke', NULL),
(1122, 677, 'Sint-Kornelis-Horebeke', NULL),
(1123, 678, 'Etikhove', NULL),
(1124, 678, 'Maarkedal', NULL),
(1125, 679, 'Nukerke', NULL),
(1126, 409, 'Eine', NULL),
(1127, 409, 'Leupegem', NULL),
(1128, 409, 'Mater', NULL),
(1129, 409, 'Mullem', NULL),
(1130, 409, 'Oudenaarde', NULL),
(1131, 680, 'Wannegem-Lede', NULL),
(1132, 409, 'Ooike', NULL),
(1133, 412, 'Petegem-Aan-De-Schelde', NULL),
(1134, 412, 'Wortegem-Petegem', NULL),
(1135, 413, 'Bachte-Maria-Leerne', NULL),
(1136, 413, 'Grammene', NULL),
(1137, 413, 'Petegem-Aan-De-Leie', NULL),
(1138, 681, 'Eke', NULL),
(1139, 682, 'Bottelare', NULL),
(1140, 415, 'De Pinte', NULL),
(1141, 417, 'Oosterzele', NULL),
(1142, 683, 'Lotenhulle', NULL),
(1143, 684, 'Boekhoute', NULL),
(1144, 685, 'Maldegem', NULL),
(1145, 686, 'Laeken', NULL),
(1146, 687, 'Molenbeek-Saint-Jean', NULL),
(1147, 688, 'Berchem-Sainte-Agathe', NULL),
(1148, 689, 'Ganshoren', NULL),
(1149, 690, 'Neder-Over-Heembeek', NULL),
(1150, 691, 'Beauvechain', NULL),
(1151, 691, 'Hamme-Mille', NULL),
(1152, 6, 'Longueville', NULL),
(1153, 7, 'Ottignies', NULL),
(1154, 8, 'Enines', NULL),
(1155, 8, 'Jauche', NULL),
(1156, 8, 'Orp-Le-Grand', NULL),
(1157, 10, 'Malèves-Sainte-Marie-Wastines', NULL),
(1158, 426, 'Ramillies', NULL),
(1159, 11, 'Jodoigne-Souveraine', NULL),
(1160, 11, 'Piétrain', NULL),
(1161, 692, 'Lasne-Chapelle-Saint-Lambert', NULL),
(1162, 692, 'Maransart', NULL),
(1163, 692, 'Ohain', NULL),
(1164, 12, 'Bossut-Gottechain', NULL),
(1165, 693, 'Waterloo', NULL),
(1166, 694, 'Braine-L\'alleud', NULL),
(1167, 15, 'Rebecq', NULL),
(1168, 429, 'Braine-Le-Château', NULL),
(1169, 16, 'Cortil-Noirmont', NULL),
(1170, 16, 'Gentinnes', NULL),
(1171, 17, 'Walhain', NULL),
(1172, 432, 'Saintes', NULL),
(1173, 433, 'Sart-Dames-Avelines', NULL),
(1174, 695, 'Tollembeek', NULL),
(1175, 696, 'Dworp', NULL),
(1176, 697, 'Huizingen', NULL),
(1177, 698, 'Elingen', NULL),
(1178, 699, 'Schepdaal', NULL),
(1179, 29, 'Sint-Martens-Lennik', NULL),
(1180, 444, 'Oetingen', NULL),
(1181, 700, 'Merchtem', NULL),
(1182, 701, 'Diegem', NULL),
(1183, 448, 'Londerzeel', NULL),
(1184, 702, 'Humbeek', NULL),
(1185, 703, 'Beigem', NULL),
(1186, 449, 'Ramsdonk', NULL),
(1187, 452, 'Zemst', NULL),
(1188, 704, 'Weerde', NULL),
(1189, 705, 'Burcht', NULL),
(1190, 705, 'Zwijndrecht', NULL),
(1191, 706, 'Wijnegem', NULL),
(1192, 707, 'Wommelgem', NULL),
(1193, 708, 'Pulle', NULL),
(1194, 709, 'Olen', NULL),
(1195, 456, 'Lille', NULL),
(1196, 710, 'Bouwel', NULL),
(1197, 711, 'Hoogstraten', NULL),
(1198, 712, 'Arendonk', NULL),
(1199, 713, 'Retie', NULL),
(1200, 714, 'Dessel', NULL),
(1201, 715, 'Olmen', NULL),
(1202, 716, 'Hove', NULL),
(1203, 717, 'Lint', NULL),
(1204, 469, 'Waarloos', NULL),
(1205, 55, 'Kessel', NULL),
(1206, 55, 'Nijlen', NULL),
(1207, 718, 'Aartselaar', NULL),
(1208, 719, 'Mortsel', NULL),
(1209, 60, 'Heindonk', NULL),
(1210, 720, 'Boom', NULL),
(1211, 474, 'Liezele', NULL),
(1212, 475, 'Bornem', NULL),
(1213, 475, 'Mariekerke', NULL),
(1214, 62, 'Oppuurs', NULL),
(1215, 721, 'Essen', NULL),
(1216, 722, 'Zoersel', NULL),
(1217, 723, 'Heverlee', NULL),
(1218, 66, 'Sint-Agatha-Rode', NULL),
(1219, 724, 'Kortenberg', NULL),
(1220, 70, 'Duisburg', NULL),
(1221, 725, 'Overijse', NULL),
(1222, 726, 'Baal', NULL),
(1223, 727, 'Betekom', NULL),
(1224, 72, 'Wespelaar', NULL),
(1225, 75, 'Holsbeek', NULL),
(1226, 728, 'Nieuwrode', NULL),
(1227, 486, 'Scherpenheuvel', NULL),
(1228, 729, 'Kaggevinne', NULL),
(1229, 78, 'Neerhespen', NULL),
(1230, 78, 'Neerlinter', NULL),
(1231, 78, 'Orsmaal-Gussenhoven', NULL),
(1232, 78, 'Wommersom', NULL),
(1233, 79, 'Neervelp', NULL),
(1234, 79, 'Willebringen', NULL),
(1235, 361, 'Tielt', NULL),
(1236, 80, 'Laar', NULL),
(1237, 80, 'Landen', NULL),
(1238, 82, 'Budingen', NULL),
(1239, 730, 'Spalbeek', NULL),
(1240, 731, 'Stevoort', NULL),
(1241, 93, 'Zolder', NULL),
(1242, 98, 'Gellik', NULL),
(1243, 99, 'Vucht', NULL),
(1244, 100, 'Boorsem', NULL),
(1245, 102, 'Dilsen-Stokkem', NULL),
(1246, 102, 'Elen', NULL),
(1247, 102, 'Lanklaar', NULL),
(1248, 732, 'Opglabbeek', NULL),
(1249, 733, 'Niel-Bij-As', NULL),
(1250, 497, 'Neeroeteren', NULL),
(1251, 734, 'Vliermaalroot', NULL),
(1252, 735, 'Wintershoven', NULL),
(1253, 736, 'Schalkhoven', NULL),
(1254, 499, 'Genoelselderen', NULL),
(1255, 499, 'Herderen', NULL),
(1256, 499, 'Vlijtingen', NULL),
(1257, 499, 'Vroenhoven', NULL),
(1258, 499, 'Zichen-Zussen-Bolder', NULL),
(1259, 737, 'Fouron-Saint-Pierre', NULL),
(1260, 738, 'Aalst', NULL),
(1261, 111, 'Ordingen', NULL),
(1262, 111, 'Sint-Truiden', NULL),
(1263, 114, 'Groot-Loon', NULL),
(1264, 114, 'Hoepertingen', NULL),
(1265, 739, 'Binderveld', NULL),
(1266, 116, 'Bovelingen', NULL),
(1267, 116, 'Heks', NULL),
(1268, 117, 'Boekhout', NULL),
(1269, 117, 'Gingelom', NULL),
(1270, 117, 'Montenaken', NULL),
(1271, 117, 'Niel-Bij-Sint-Truiden', NULL),
(1272, 740, 'Lommel', NULL),
(1273, 503, 'Hamont-Achel', NULL),
(1274, 741, 'Reppel', NULL),
(1275, 120, 'Gerdingen', NULL),
(1276, 120, 'Opitter', NULL),
(1277, 45, 'Tongerlo', NULL),
(1278, 742, 'Heppen', NULL),
(1279, 121, 'Kleine-Brogel', NULL),
(1280, 508, 'Rocourt', NULL),
(1281, 508, 'Liège', NULL),
(1282, 124, 'Milmort', NULL),
(1283, 743, 'Esneux', NULL),
(1284, 511, 'Sprimont', NULL),
(1285, 744, 'Anthisnes', NULL),
(1286, 745, 'Tavier', NULL),
(1287, 746, 'Comblain-La-Tour', NULL),
(1288, 746, 'Hamoir', NULL),
(1289, 747, 'Filot', NULL),
(1290, 512, 'Ferrières', NULL),
(1291, 512, 'Werbomont', NULL),
(1292, 129, 'Burdinne', NULL),
(1293, 129, 'Lamontzée', NULL),
(1294, 129, 'Oteppe', NULL),
(1295, 748, 'Tourinne', NULL),
(1296, 133, 'Bertrée', NULL),
(1297, 133, 'Grand-Hallet', NULL),
(1298, 133, 'Hannut', NULL),
(1299, 135, 'Bovenistier', NULL),
(1300, 135, 'Grand-Axhe', NULL),
(1301, 135, 'Oleye', NULL),
(1302, 520, 'Donceel', NULL),
(1303, 521, 'Bergilers', NULL),
(1304, 521, 'Grandville', NULL),
(1305, 141, 'Odeur', NULL),
(1306, 522, 'Awirs', NULL),
(1307, 522, 'Chokier', NULL),
(1308, 522, 'Flémalle', NULL),
(1309, 522, 'Ivoz-Ramet', NULL),
(1310, 523, 'Tilleur', NULL),
(1311, 749, 'Fexhe-Slins', NULL),
(1312, 146, 'Huccorgne', NULL),
(1313, 147, 'Fize-Fontaine', NULL),
(1314, 147, 'Vieux-Waleffe', NULL),
(1315, 527, 'Nandrin', NULL),
(1316, 149, 'Fraiture', NULL),
(1317, 150, 'Clavier', NULL),
(1318, 153, 'Lanaye', NULL),
(1319, 750, 'Argenteau', NULL),
(1320, 751, 'Saint-André', NULL),
(1321, 261, 'Neufchâteau', NULL),
(1322, 752, 'Magnée', NULL),
(1323, 753, 'Romsée', NULL),
(1324, 157, 'Micheroux', NULL),
(1325, 529, 'Chaineux', NULL),
(1326, 529, 'Julémont', NULL),
(1327, 754, 'Xhendelesse', NULL),
(1328, 755, 'Bolland', NULL),
(1329, 161, 'Barchon', NULL),
(1330, 756, 'Hermalle-Sous-Argenteau', NULL),
(1331, 757, 'Houtain-Saint-Siméon', NULL),
(1332, 758, 'Vivegnis', NULL),
(1333, 531, 'Bassenge', NULL),
(1334, 759, 'Neu-Moresnet', NULL),
(1335, 760, 'Bullange', NULL),
(1336, 761, 'Amblève', NULL),
(1337, 762, 'Saint-Vith', NULL),
(1338, 763, 'Lommersweiler', NULL),
(1339, 540, 'Ensival', NULL),
(1340, 764, 'Polleur', NULL),
(1341, 540, 'Verviers', NULL),
(1342, 545, 'Pepinster', NULL),
(1343, 765, 'Olne', NULL),
(1344, 172, 'Harzé', NULL),
(1345, 173, 'Sourbrodt', NULL),
(1346, 766, 'Francorchamps', NULL),
(1347, 176, 'La Gleize', NULL),
(1348, 176, 'Rahier', NULL),
(1349, 178, 'Namur', NULL),
(1350, 767, 'Bouge', NULL),
(1351, 182, 'Gembloux', NULL),
(1352, 551, 'Bothey', NULL),
(1353, 551, 'Corroy-Le-Château', NULL),
(1354, 551, 'Isnes', NULL),
(1355, 183, 'Moignelée', NULL),
(1356, 184, 'Vitrival', NULL),
(1357, 185, 'La Bruyère', NULL),
(1358, 553, 'Naninne', NULL),
(1359, 553, 'Wierde', NULL),
(1360, 768, 'Floreffe', NULL),
(1361, 768, 'Franière', NULL),
(1362, 188, 'Lesve', NULL),
(1363, 189, 'Ham-Sur-Sambre', NULL),
(1364, 189, 'Spy', NULL),
(1365, 190, 'Thon', NULL),
(1366, 191, 'Boneffe', NULL),
(1367, 191, 'Saint-Germain', NULL),
(1368, 191, 'Waret-La-Chaussée', NULL),
(1369, 769, 'Goesnes', NULL),
(1370, 770, 'Schaltin', NULL),
(1371, 140, 'Verlée', NULL),
(1372, 200, 'Hingeon', NULL),
(1373, 200, 'Noville-Les-Bois', NULL),
(1374, 559, 'Bouvignes-Sur-Meuse', NULL),
(1375, 559, 'Dinant', NULL),
(1376, 559, 'Falmignoul', NULL),
(1377, 559, 'Furfooz', NULL),
(1378, 205, 'Hastière', NULL),
(1379, 771, 'Blaimont', NULL),
(1380, 772, 'Heer', NULL),
(1381, 773, 'Agimont', NULL),
(1382, 206, 'Nafraiture', NULL),
(1383, 249, 'Bellefontaine', NULL),
(1384, 207, 'Graide', NULL),
(1385, 208, 'Houyet', NULL),
(1386, 774, 'Custinne', NULL),
(1387, 775, 'Hour', NULL),
(1388, 209, 'Dion', NULL),
(1389, 209, 'Wancennes', NULL),
(1390, 211, 'Louette-Saint-Pierre', NULL),
(1391, 211, 'Malvoisin', NULL),
(1392, 211, 'Patignies', NULL),
(1393, 212, 'Buissonville', NULL),
(1394, 563, 'Haversin', NULL),
(1395, 563, 'Serinchamps', NULL),
(1396, 213, 'Sart-En-Fagne', NULL),
(1397, 213, 'Villers-Le-Gambon', NULL),
(1398, 214, 'Flavion', NULL),
(1399, 214, 'Morville', NULL),
(1400, 215, 'Hanzinne', NULL),
(1401, 215, 'Morialmé', NULL),
(1402, 564, 'Silenrieux', NULL),
(1403, 564, 'Villers-Deux-Eglises', NULL),
(1404, 776, 'Furnaux', NULL),
(1405, 217, 'Castillon', NULL),
(1406, 217, 'Fraire', NULL),
(1407, 217, 'Walcourt', NULL),
(1408, 218, 'Berzée', NULL),
(1409, 218, 'Rognée', NULL),
(1410, 218, 'Somzée', NULL),
(1411, 218, 'Thy-Le-Château', NULL),
(1412, 219, 'Brûly', NULL),
(1413, 219, 'Couvin', NULL),
(1414, 219, 'Cul-Des-Sarts', NULL),
(1415, 219, 'Frasnes', NULL),
(1416, 219, 'Gonrieux', NULL),
(1417, 219, 'Petigny', NULL),
(1418, 220, 'Nismes', NULL),
(1419, 221, 'Gimnée', NULL),
(1420, 221, 'Niverlée', NULL),
(1421, 777, 'Charleroi', NULL),
(1422, 778, 'Mont-Sur-Marchienne', NULL),
(1423, 779, 'Ransart', NULL),
(1424, 228, 'Cour-Sur-Heure', NULL),
(1425, 780, 'Fontaine-L\'evêque', NULL),
(1426, 781, 'Gouy-Lez-Piéton', NULL),
(1427, 782, 'Souvret', NULL),
(1428, 230, 'Rèves', NULL),
(1429, 231, 'Fleurus', NULL),
(1430, 783, 'Brye', NULL),
(1431, 232, 'Obaix', NULL),
(1432, 572, 'Acoz', NULL),
(1433, 572, 'Loverval', NULL),
(1434, 236, 'Robechies', NULL),
(1435, 784, 'Virelles', NULL),
(1436, 238, 'Grandrieu', NULL),
(1437, 238, 'Sivry', NULL),
(1438, 239, 'Barbençon', NULL),
(1439, 239, 'Thirimont', NULL),
(1440, 785, 'Lobbes', NULL),
(1441, 576, 'Merbes-Sainte-Marie', NULL),
(1442, 786, 'Momignies', NULL),
(1443, 518, 'Wardin', NULL),
(1444, 582, 'Hompré', NULL),
(1445, 787, 'Houffalize', NULL),
(1446, 788, 'Beho', NULL),
(1447, 789, 'Cherain', NULL),
(1448, 790, 'Montleban', NULL),
(1449, 791, 'Anlier', NULL),
(1450, 792, 'Signeulx', NULL),
(1451, 793, 'Bleid', NULL),
(1452, 793, 'Ethe', NULL),
(1453, 794, 'Harnoncourt', NULL),
(1454, 794, 'Lamorteau', NULL),
(1455, 252, 'Robelmont', NULL),
(1456, 595, 'Halanzy', NULL),
(1457, 257, 'Remagne', NULL),
(1458, 795, 'Florenville', NULL),
(1459, 795, 'Fontenoille', NULL),
(1460, 795, 'Muno', NULL),
(1461, 796, 'Bouillon', NULL),
(1462, 796, 'Rochehaut', NULL),
(1463, 797, 'Vivy', NULL),
(1464, 600, 'Paliseul', NULL),
(1465, 602, 'Assenois', NULL),
(1466, 602, 'Ebly', NULL),
(1467, 798, 'Mirwart', NULL),
(1468, 798, 'Vesqueville', NULL),
(1469, 264, 'Anloy', NULL),
(1470, 264, 'Transinne', NULL),
(1471, 269, 'Durbuy', NULL),
(1472, 269, 'Wéris', NULL),
(1473, 270, 'Bomal-Sur-Ourthe', NULL),
(1474, 270, 'Izier', NULL),
(1475, 272, 'Ambly', NULL),
(1476, 799, 'Ortho', NULL),
(1477, 278, 'Hampteau', NULL),
(1478, 278, 'Hotton', NULL),
(1479, 279, 'Erezée', NULL),
(1480, 800, 'Havre', NULL),
(1481, 609, 'Nouvelles', NULL),
(1482, 801, 'Ciply', NULL),
(1483, 802, 'Obourg', NULL),
(1484, 803, 'Blaregnies', NULL),
(1485, 803, 'Bougnies', NULL),
(1486, 803, 'Genly', NULL),
(1487, 803, 'Quévy', NULL),
(1488, 283, 'Masnuy-Saint-Jean', NULL),
(1489, 804, 'Casteau', NULL),
(1490, 805, 'Neufvilles', NULL),
(1491, 806, 'Gottignies', NULL),
(1492, 806, 'Ville-Sur-Haine', NULL),
(1493, 286, 'Braine-Le-Comte', NULL),
(1494, 286, 'Henripont', NULL),
(1495, 288, 'Houdeng-Goegnies', NULL),
(1496, 289, 'Estinnes-Au-Val', NULL),
(1497, 289, 'Haulchin', NULL),
(1498, 807, 'Seneffe', NULL),
(1499, 296, 'Arquennes', NULL),
(1500, 296, 'Familleureux', NULL),
(1501, 808, 'Hornu', NULL),
(1502, 809, 'Saint-Ghislain', NULL),
(1503, 302, 'Warquignies', NULL),
(1504, 303, 'Montroeul-Sur-Haine', NULL),
(1505, 303, 'Thulin', NULL),
(1506, 616, 'Wihéries', NULL),
(1507, 617, 'Quiévrain', NULL),
(1508, 810, 'Audregnies', NULL),
(1509, 304, 'Erquennes', NULL),
(1510, 304, 'Honnelles', NULL),
(1511, 811, 'Orcq', NULL),
(1512, 308, 'Marquain', NULL),
(1513, 812, 'Gaurain-Ramecroix', NULL),
(1514, 813, 'Vaulx', NULL),
(1515, 310, 'Kain', NULL),
(1516, 814, 'Péruwelz', NULL),
(1517, 815, 'Roucourt', NULL),
(1518, 816, 'Bury', NULL),
(1519, 316, 'Brunehaut', NULL),
(1520, 817, 'Maubray', NULL),
(1521, 818, 'Dottignies', NULL),
(1522, 819, 'Herseaux', NULL),
(1523, 593, 'Néchin', NULL),
(1524, 318, 'Pecq', NULL),
(1525, 320, 'Mont-De-L\'enclus', NULL),
(1526, 320, 'Orroir', NULL),
(1527, 624, 'Velaines', NULL),
(1528, 321, 'Comines-Warneton', NULL),
(1529, 322, 'Bas-Warneton', NULL),
(1530, 820, 'Ormeignies', NULL),
(1531, 325, 'Ligne', NULL),
(1532, 326, 'Isières', NULL),
(1533, 327, 'Bassilly', NULL),
(1534, 327, 'Silly', NULL),
(1535, 328, 'Enghien', NULL),
(1536, 630, 'Grandmetz', NULL),
(1537, 821, 'Thieulain', NULL),
(1538, 333, 'Anvaing', NULL),
(1539, 334, 'Moustier', NULL),
(1540, 635, 'Cambron-Casteau', NULL),
(1541, 822, 'Attre', NULL),
(1542, 335, 'Huissignies', NULL),
(1543, 823, 'Stambruges', NULL),
(1544, 637, 'Ruddervoorde', NULL),
(1545, 824, 'Ramskapelle', NULL),
(1546, 643, 'Lissewege', NULL),
(1547, 643, 'Zeebrugge', NULL),
(1548, 825, 'Vlissegem', NULL),
(1549, 344, 'Mannekensvere', NULL),
(1550, 345, 'Snaaskerke', NULL),
(1551, 345, 'Zevekote', NULL),
(1552, 826, 'Bekegem', NULL),
(1553, 826, 'Eernegem', NULL),
(1554, 827, 'Gullegem', NULL),
(1555, 650, 'Gijzelbrechtegem', NULL),
(1556, 650, 'Ingooigem', NULL),
(1557, 353, 'Waarmaarde', NULL),
(1558, 356, 'Beerst', NULL),
(1559, 356, 'Diksmuide', NULL),
(1560, 356, 'Driekapellen', NULL),
(1561, 356, 'Esen', NULL),
(1562, 356, 'Keiem', NULL),
(1563, 356, 'Lampernisse', NULL),
(1564, 356, 'Nieuwkapelle', NULL),
(1565, 828, 'Kortemark', NULL),
(1566, 828, 'Zarren', NULL),
(1567, 824, 'Nieuwpoort', NULL),
(1568, 357, 'Vinkem', NULL),
(1569, 654, 'Oostvleteren', NULL),
(1570, 654, 'Westvleteren', NULL),
(1571, 360, 'Alveringem', NULL),
(1572, 658, 'Leisele', NULL),
(1573, 829, 'Beernem', NULL),
(1574, 829, 'Oedelem', NULL),
(1575, 830, 'Wingene', NULL),
(1576, 830, 'Zwevezele', NULL),
(1577, 831, 'Desselgem', NULL),
(1578, 366, 'Rumbeke', NULL),
(1579, 663, 'Gits', NULL),
(1580, 832, 'Izegem', NULL),
(1581, 371, 'Ieper', NULL),
(1582, 833, 'Boezinge', NULL),
(1583, 833, 'Zuidschote', NULL),
(1584, 374, 'Langemark-Poelkapelle', NULL),
(1585, 375, 'Lauwe', NULL),
(1586, 834, 'Nieuwkerke', NULL),
(1587, 835, 'Wijtschate', NULL),
(1588, 836, 'Loker', NULL),
(1589, 837, 'Geluveld', NULL),
(1590, 838, 'Oostakker', NULL),
(1591, 839, 'Mendonk', NULL),
(1592, 672, 'Sint-Niklaas', NULL),
(1593, 840, 'Vrasene', NULL),
(1594, 381, 'Doel', NULL),
(1595, 382, 'Elversele', NULL),
(1596, 841, 'Meerdonk', NULL),
(1597, 841, 'Sint-Pauwels', NULL),
(1598, 842, 'Moerbeke-Waas', NULL),
(1599, 384, 'Appels', NULL),
(1600, 384, 'Oudegem', NULL),
(1601, 843, 'Zele', NULL),
(1602, 844, 'Waasmunster', NULL),
(1603, 845, 'Buggenhout', NULL),
(1604, 386, 'Schellebelle', NULL),
(1605, 388, 'Lebbeke', NULL),
(1606, 846, 'Uitbergen', NULL),
(1607, 391, 'Impe', NULL),
(1608, 392, 'Nederhasselt', NULL),
(1609, 395, 'Erondegem', NULL),
(1610, 847, 'Kerksken', NULL),
(1611, 848, 'Denderleeuw', NULL),
(1612, 849, 'Welle', NULL),
(1613, 398, 'Goeferdinge', NULL),
(1614, 398, 'Ophasselt', NULL),
(1615, 398, 'Viane', NULL),
(1616, 399, 'Smeerebbe-Vloerzegem', NULL),
(1617, 400, 'Vlierzele', NULL),
(1618, 405, 'Strijpen', NULL),
(1619, 405, 'Velzeke-Ruddershove', NULL),
(1620, 406, 'Roborst', NULL),
(1621, 406, 'Sint-Blasius-Boekel', NULL),
(1622, 406, 'Sint-Maria-Latem', NULL),
(1623, 407, 'Everbeek', NULL),
(1624, 407, 'Opbrakel', NULL),
(1625, 850, 'Parike', NULL),
(1626, 408, 'Kwaremont', NULL),
(1627, 408, 'Zulzeke', NULL),
(1628, 409, 'Volkegem', NULL),
(1629, 410, 'Ouwegem', NULL),
(1630, 851, 'Nokere', NULL),
(1631, 412, 'Elsegem', NULL),
(1632, 413, 'Astene', NULL),
(1633, 413, 'Sint-Martens-Leerne', NULL),
(1634, 413, 'Vinkt', NULL),
(1635, 681, 'Nazareth', NULL),
(1636, 682, 'Lemberge', NULL),
(1637, 682, 'Merelbeke', NULL),
(1638, 682, 'Schelderode', NULL),
(1639, 416, 'Hansbeke', NULL),
(1640, 416, 'Nevele', NULL),
(1641, 416, 'Vosselare', NULL),
(1642, 419, 'Baaigem', NULL),
(1643, 852, 'Knesselare', NULL),
(1644, 853, 'Kluizen', NULL),
(1645, 854, 'Waarschoot', NULL),
(1646, 855, 'Waterland-Oudeman', NULL),
(1647, 856, 'Adegem', NULL),
(1648, 857, 'Middelburg', NULL),
(1649, 858, 'Etterbeek', NULL),
(1650, 859, 'Saint-Gilles', NULL),
(1651, 860, 'Koekelberg', NULL),
(1652, 114, 'Haren', NULL),
(1653, 861, 'Evere', NULL),
(1654, 691, 'Nodebais', NULL),
(1655, 6, 'Dion-Valmont', NULL),
(1656, 862, 'Rixensart', NULL),
(1657, 863, 'Genval', NULL),
(1658, 864, 'Céroux-Mousty', NULL),
(1659, 865, 'Limelette', NULL),
(1660, 8, 'Marilles', NULL),
(1661, 9, 'Hélécine', NULL),
(1662, 9, 'Linsmeau', NULL),
(1663, 426, 'Grand-Rosière-Hottomont', NULL),
(1664, 11, 'Mélin', NULL),
(1665, 11, 'Saint-Remy-Geest', NULL),
(1666, 692, 'Couture-Saint-Germain', NULL),
(1667, 692, 'Plancenoit', NULL),
(1668, 12, 'Nethen', NULL),
(1669, 866, 'Bornival', NULL),
(1670, 19, 'Genappe', NULL),
(1671, 867, 'Vieux-Genappe', NULL),
(1672, 695, 'Galmaarden', NULL),
(1673, 868, 'Beert', NULL),
(1674, 25, 'Dilbeek', NULL),
(1675, 25, 'Sint-Martens-Bodegem', NULL),
(1676, 869, 'Opwijk', NULL),
(1677, 444, 'Leerbeek', NULL),
(1678, 445, 'Onze-Lieve-Vrouw-Lombeek', NULL),
(1679, 870, 'Borchtlombeek', NULL),
(1680, 33, 'Melsbroek', NULL),
(1681, 33, 'Steenokkerzeel', NULL),
(1682, 418, 'Machelen', NULL),
(1683, 448, 'Steenhuffel', NULL),
(1684, 871, 'Grimbergen', NULL),
(1685, 872, 'Wolvertem', NULL),
(1686, 36, 'Kampenhout', NULL),
(1687, 873, 'Sterrebeek', NULL),
(1688, 704, 'Elewijt', NULL),
(1689, 874, 'Borgerhout', NULL),
(1690, 875, 'Booischot', NULL),
(1691, 42, 'Itegem', NULL),
(1692, 43, 'Herselt', NULL),
(1693, 44, 'Hulshout', NULL),
(1694, 876, 'Pulderbos', NULL),
(1695, 877, 'Herenthout', NULL),
(1696, 456, 'Poederlee', NULL),
(1697, 878, 'Meer', NULL),
(1698, 879, 'Meerle', NULL),
(1699, 880, 'Malle', NULL),
(1700, 880, 'Oostmalle', NULL),
(1701, 880, 'Westmalle', NULL),
(1702, 881, 'Meerhout', NULL);
INSERT INTO `commune` (`id`, `cp_id`, `commune`, `localite_id`) VALUES
(1703, 54, 'Emblem', NULL),
(1704, 54, 'Ranst', NULL),
(1705, 882, 'Boechout', NULL),
(1706, 883, 'Vremde', NULL),
(1707, 884, 'Beerzel', NULL),
(1708, 884, 'Putte', NULL),
(1709, 885, 'Gestel', NULL),
(1710, 408, 'Berchem', NULL),
(1711, 886, 'Schelle', NULL),
(1712, 59, 'Bonheiden', NULL),
(1713, 60, 'Blaasveld', NULL),
(1714, 887, 'Rumst', NULL),
(1715, 887, 'Terhagen', NULL),
(1716, 888, 'Sint-Katelijne-Waver', NULL),
(1717, 889, 'Onze-Lieve-Vrouw-Waver', NULL),
(1718, 475, 'Hingene', NULL),
(1719, 62, 'Sint-Amands', NULL),
(1720, 890, 'Schoten', NULL),
(1721, 891, 'Wilsele', NULL),
(1722, 892, 'Wijgmaal', NULL),
(1723, 65, 'Winksele', NULL),
(1724, 66, 'Neerijse', NULL),
(1725, 66, 'Ottenburg', NULL),
(1726, 893, 'Vaalbeek', NULL),
(1727, 894, 'Everberg', NULL),
(1728, 727, 'Begijnendijk', NULL),
(1729, 895, 'Boortmeerbeek', NULL),
(1730, 896, 'Gelrode', NULL),
(1731, 897, 'Langdorp', NULL),
(1732, 898, 'Zichem', NULL),
(1733, 899, 'Molenstede', NULL),
(1734, 78, 'Linter', NULL),
(1735, 488, 'Korbeek-Lo', NULL),
(1736, 488, 'Opvelp', NULL),
(1737, 79, 'Boutersem', NULL),
(1738, 79, 'Kerkom', NULL),
(1739, 80, 'Ezemaal', NULL),
(1740, 80, 'Neerwinden', NULL),
(1741, 495, 'Ransberg', NULL),
(1742, 87, 'Hasselt', NULL),
(1743, 730, 'Kermt', NULL),
(1744, 90, 'Donk', NULL),
(1745, 900, 'Koersel', NULL),
(1746, 901, 'Genk', NULL),
(1747, 98, 'Lanaken', NULL),
(1748, 902, 'Rekem', NULL),
(1749, 101, 'Ophoven', NULL),
(1750, 102, 'Stokkem', NULL),
(1751, 103, 'Ellikom', NULL),
(1752, 103, 'Wijshagen', NULL),
(1753, 497, 'Maaseik', NULL),
(1754, 903, 'Zutendaal', NULL),
(1755, 35, 'Henis', NULL),
(1756, 35, 'Koninksem', NULL),
(1757, 35, 'Lauw', NULL),
(1758, 35, 'Mal', NULL),
(1759, 35, 'Nerem', NULL),
(1760, 35, 'Piringen', NULL),
(1761, 35, 'Riksingen', NULL),
(1762, 35, 'Sluizen', NULL),
(1763, 904, 'Kortessem', NULL),
(1764, 105, 'Sint-Huibrechts-Hern', NULL),
(1765, 106, 'Beverst', NULL),
(1766, 106, 'Bilzen', NULL),
(1767, 106, 'Hees', NULL),
(1768, 106, 'Kleine-Spouwen', NULL),
(1769, 106, 'Waltwilder', NULL),
(1770, 499, 'Millen', NULL),
(1771, 499, 'Val-Meer', NULL),
(1772, 109, 'Fouron-Saint-Martin', NULL),
(1773, 109, 'Mouland', NULL),
(1774, 905, 'Remersdaal', NULL),
(1775, 111, 'Engelmanshoven', NULL),
(1776, 111, 'Gelinden', NULL),
(1777, 500, 'Gorsem', NULL),
(1778, 500, 'Runkelen', NULL),
(1779, 114, 'Broekom', NULL),
(1780, 114, 'Gors-Opleeuw', NULL),
(1781, 114, 'Gotem', NULL),
(1782, 114, 'Hendrieken', NULL),
(1783, 114, 'Kuttekoven', NULL),
(1784, 116, 'Heers', NULL),
(1785, 116, 'Klein-Gelmen', NULL),
(1786, 116, 'Veulen', NULL),
(1787, 117, 'Jeuk', NULL),
(1788, 503, 'Hamont', NULL),
(1789, 504, 'Hechtel', NULL),
(1790, 119, 'Oostham', NULL),
(1791, 741, 'Bocholt', NULL),
(1792, 741, 'Kaulille', NULL),
(1793, 906, 'Chênee', NULL),
(1794, 907, 'Liers', NULL),
(1795, 908, 'Beaufays', NULL),
(1796, 909, 'Boncelles', NULL),
(1797, 909, 'Seraing', NULL),
(1798, 910, 'Jemeppe-Sur-Meuse', NULL),
(1799, 128, 'Neupré', NULL),
(1800, 911, 'Villers-Aux-Tours', NULL),
(1801, 912, 'Hody', NULL),
(1802, 913, 'Poulseur', NULL),
(1803, 746, 'Comblain-Fairon', NULL),
(1804, 516, 'Corswarem', NULL),
(1805, 132, 'Ciplet', NULL),
(1806, 914, 'Latinne', NULL),
(1807, 133, 'Abolens', NULL),
(1808, 133, 'Avernas-Le-Bauduin', NULL),
(1809, 133, 'Lens-Saint-Remy', NULL),
(1810, 133, 'Merdorp', NULL),
(1811, 133, 'Poucet', NULL),
(1812, 134, 'Racour', NULL),
(1813, 138, 'Fooz', NULL),
(1814, 138, 'Othée', NULL),
(1815, 517, 'Roloux', NULL),
(1816, 517, 'Voroux-Goreux', NULL),
(1817, 519, 'Lamine', NULL),
(1818, 519, 'Momalle', NULL),
(1819, 519, 'Remicourt', NULL),
(1820, 520, 'Haneffe', NULL),
(1821, 141, 'Fize-Le-Marsal', NULL),
(1822, 522, 'Flémalle-Haute', NULL),
(1823, 523, 'Saint-Nicolas', NULL),
(1824, 524, 'Alleur', NULL),
(1825, 915, 'Lantin', NULL),
(1826, 915, 'Slins', NULL),
(1827, 143, 'Grâce-Hollogne', NULL),
(1828, 143, 'Horion-Hozémont', NULL),
(1829, 146, 'Antheit', NULL),
(1830, 916, 'Verlaine', NULL),
(1831, 148, 'Ampsin', NULL),
(1832, 148, 'Flône', NULL),
(1833, 527, 'Villers-Le-Temple', NULL),
(1834, 527, 'Yernée-Fraineux', NULL),
(1835, 149, 'Seny', NULL),
(1836, 151, 'Vierset-Barse', NULL),
(1837, 153, 'Visé', NULL),
(1838, 917, 'Cheratte', NULL),
(1839, 154, 'Berneau', NULL),
(1840, 154, 'Dalhem', NULL),
(1841, 918, 'Retinne', NULL),
(1842, 919, 'Melen', NULL),
(1843, 920, 'Battice', NULL),
(1844, 531, 'Boirs', NULL),
(1845, 531, 'Wonck', NULL),
(1846, 921, 'Eupen', NULL),
(1847, 922, 'Lontzen', NULL),
(1848, 923, 'Walhorn', NULL),
(1849, 535, 'Raeren', NULL),
(1850, 924, 'Eynatten', NULL),
(1851, 925, 'Butgenbach', NULL),
(1852, 760, 'Manderfeld', NULL),
(1853, 761, 'Meyerode', NULL),
(1854, 762, 'Recht', NULL),
(1855, 926, 'Schoenberg', NULL),
(1856, 927, 'Andrimont', NULL),
(1857, 168, 'Gemmenich', NULL),
(1858, 545, 'Wegnez', NULL),
(1859, 928, 'Soiron', NULL),
(1860, 170, 'Nessonvaux', NULL),
(1861, 764, 'La Reid', NULL),
(1862, 174, 'Bevercé', NULL),
(1863, 175, 'Wanne', NULL),
(1864, 929, 'Basse-Bodeux', NULL),
(1865, 182, 'Lonzée', NULL),
(1866, 183, 'Falisolle', NULL),
(1867, 183, 'Keumiée', NULL),
(1868, 184, 'Aisemont', NULL),
(1869, 184, 'Le Roux', NULL),
(1870, 185, 'Emines', NULL),
(1871, 185, 'Rhisnes', NULL),
(1872, 552, 'Bovesse', NULL),
(1873, 553, 'Jambes', NULL),
(1874, 186, 'Lives-Sur-Meuse', NULL),
(1875, 187, 'Ligny', NULL),
(1876, 189, 'Moustier-Sur-Sambre', NULL),
(1877, 190, 'Maizeret', NULL),
(1878, 190, 'Namêche', NULL),
(1879, 190, 'Seilles', NULL),
(1880, 190, 'Vezin', NULL),
(1881, 191, 'Dhuy', NULL),
(1882, 191, 'Liernu', NULL),
(1883, 191, 'Mehaigne', NULL),
(1884, 554, 'Assesse', NULL),
(1885, 554, 'Maillen', NULL),
(1886, 193, 'Gesves', NULL),
(1887, 193, 'Haltinne', NULL),
(1888, 194, 'Ohey', NULL),
(1889, 196, 'Hamois', NULL),
(1890, 557, 'Mohiville', NULL),
(1891, 140, 'Havelange', NULL),
(1892, 930, 'Miécret', NULL),
(1893, 199, 'Baillonville', NULL),
(1894, 199, 'Somme-Leuze', NULL),
(1895, 199, 'Waillet', NULL),
(1896, 200, 'Cortil-Wodon', NULL),
(1897, 200, 'Franc-Waret', NULL),
(1898, 200, 'Hemptinne', NULL),
(1899, 200, 'Pontillas', NULL),
(1900, 931, 'Sorinnes', NULL),
(1901, 932, 'Falaen', NULL),
(1902, 203, 'Spontin', NULL),
(1903, 204, 'Annevoie-Rouillon', NULL),
(1904, 204, 'Bioul', NULL),
(1905, 204, 'Sosoye', NULL),
(1906, 205, 'Hastière-Lavaux', NULL),
(1907, 205, 'Waulsort', NULL),
(1908, 206, 'Bagimont', NULL),
(1909, 206, 'Membre', NULL),
(1910, 206, 'Orchimont', NULL),
(1911, 207, 'Baillamont', NULL),
(1912, 207, 'Bièvre', NULL),
(1913, 207, 'Cornimont', NULL),
(1914, 208, 'Ciergnon', NULL),
(1915, 208, 'Finnevaux', NULL),
(1916, 208, 'Hulsonniaux', NULL),
(1917, 208, 'Mesnil-Saint-Blaise', NULL),
(1918, 933, 'Wanlin', NULL),
(1919, 209, 'Honnay', NULL),
(1920, 209, 'Javingue', NULL),
(1921, 934, 'Martouzin-Neuville', NULL),
(1922, 211, 'Sart-Custinne', NULL),
(1923, 211, 'Vencimont', NULL),
(1924, 935, 'Froidfontaine', NULL),
(1925, 212, 'Villers-Sur-Lesse', NULL),
(1926, 563, 'Achêne', NULL),
(1927, 563, 'Leignon', NULL),
(1928, 213, 'Franchimont', NULL),
(1929, 213, 'Merlemont', NULL),
(1930, 213, 'Roly', NULL),
(1931, 213, 'Samart', NULL),
(1932, 213, 'Surice', NULL),
(1933, 564, 'Daussois', NULL),
(1934, 565, 'Biesme', NULL),
(1935, 218, 'Gourdinne', NULL),
(1936, 220, 'Vierves-Sur-Viroin', NULL),
(1937, 220, 'Viroinval', NULL),
(1938, 221, 'Doische', NULL),
(1939, 221, 'Matagne-La-Petite', NULL),
(1940, 221, 'Romerée', NULL),
(1941, 221, 'Vaucelles', NULL),
(1942, 936, 'Monceau-Sur-Sambre', NULL),
(1943, 228, 'Marbaix', NULL),
(1944, 228, 'Nalinnes', NULL),
(1945, 937, 'Anderlues', NULL),
(1946, 938, 'Trazegnies', NULL),
(1947, 230, 'Les Bons Villers', NULL),
(1948, 230, 'Villers-Perwin', NULL),
(1949, 939, 'Mellet', NULL),
(1950, 940, 'Saint-Amand', NULL),
(1951, 232, 'Buzet', NULL),
(1952, 232, 'Pont-À-Celles', NULL),
(1953, 233, 'Liberchies', NULL),
(1954, 234, 'Farciennes', NULL),
(1955, 235, 'Aiseau', NULL),
(1956, 941, 'Boussu-Lez-Walcourt', NULL),
(1957, 941, 'Fourbechies', NULL),
(1958, 941, 'Froidchapelle', NULL),
(1959, 236, 'Salles', NULL),
(1960, 942, 'Vaulx-Lez-Chimay', NULL),
(1961, 237, 'L\'escaillère', NULL),
(1962, 238, 'Montbliart', NULL),
(1963, 238, 'Sautin', NULL),
(1964, 239, 'Beaumont', NULL),
(1965, 943, 'Ragnies', NULL),
(1966, 944, 'Thuillies', NULL),
(1967, 945, 'Sars-La-Buissière', NULL),
(1968, 576, 'Labuissière', NULL),
(1969, 576, 'Merbes-Le-Château', NULL),
(1970, 946, 'Forge-Philippe', NULL),
(1971, 946, 'Seloignes', NULL),
(1972, 518, 'Longvilly', NULL),
(1973, 518, 'Villers-La-Bonne-Eau', NULL),
(1974, 582, 'Morhet', NULL),
(1975, 787, 'Nadrin', NULL),
(1976, 947, 'Bertogne', NULL),
(1977, 948, 'Petit-Thier', NULL),
(1978, 949, 'Grand-Halleux', NULL),
(1979, 248, 'Arlon', NULL),
(1980, 248, 'Bonnert', NULL),
(1981, 950, 'Autelbas', NULL),
(1982, 588, 'Tontelange', NULL),
(1983, 590, 'Rulles', NULL),
(1984, 249, 'Rossignol', NULL),
(1985, 249, 'Tintigny', NULL),
(1986, 951, 'Chantemelle', NULL),
(1987, 792, 'Musson', NULL),
(1988, 792, 'Mussy-La-Ville', NULL),
(1989, 793, 'Ruette', NULL),
(1990, 793, 'Virton', NULL),
(1991, 253, 'Hondelange', NULL),
(1992, 253, 'Messancy', NULL),
(1993, 257, 'Bras', NULL),
(1994, 257, 'Moircy', NULL),
(1995, 257, 'Recogne', NULL),
(1996, 596, 'Izel', NULL),
(1997, 795, 'Sainte-Cécile', NULL),
(1998, 952, 'Noirfontaine', NULL),
(1999, 953, 'Fays-Les-Veneurs', NULL),
(2000, 602, 'Witry', NULL),
(2001, 798, 'Saint-Hubert', NULL),
(2002, 262, 'Auby-Sur-Semois', NULL),
(2003, 264, 'Redu', NULL),
(2004, 265, 'On', NULL),
(2005, 265, 'Waha', NULL),
(2006, 603, 'Resteigne', NULL),
(2007, 140, 'Porcheresse', NULL),
(2008, 270, 'Bende', NULL),
(2009, 270, 'Tohogne', NULL),
(2010, 270, 'Villers-Sainte-Gertrude', NULL),
(2011, 272, 'Forrières', NULL),
(2012, 273, 'Dochamps', NULL),
(2013, 954, 'Halleux', NULL),
(2014, 608, 'Nimy', NULL),
(2015, 609, 'Harmignies', NULL),
(2016, 955, 'Spiennes', NULL),
(2017, 802, 'Saint-Denis', NULL),
(2018, 803, 'Aulnois', NULL),
(2019, 803, 'Goegnies-Chaussée', NULL),
(2020, 803, 'Quévy-Le-Grand', NULL),
(2021, 803, 'Quévy-Le-Petit', NULL),
(2022, 282, 'Givry', NULL),
(2023, 284, 'Horrues', NULL),
(2024, 956, 'Naast', NULL),
(2025, 806, 'Le Roeulx', NULL),
(2026, 806, 'Mignault', NULL),
(2027, 285, 'La Bouverie', NULL),
(2028, 285, 'Sars-La-Bruyère', NULL),
(2029, 287, 'Haine-Saint-Pierre', NULL),
(2030, 287, 'La Louvière', NULL),
(2031, 287, 'Saint-Vaast', NULL),
(2032, 288, 'Houdeng-Aimeries', NULL),
(2033, 289, 'Estinnes', NULL),
(2034, 289, 'Vellereille-Le-Sec', NULL),
(2035, 290, 'Battignies', NULL),
(2036, 293, 'Epinois', NULL),
(2037, 294, 'Morlanwelz', NULL),
(2038, 613, 'Godarville', NULL),
(2039, 295, 'Fayt-Lez-Manage', NULL),
(2040, 296, 'Feluy', NULL),
(2041, 957, 'Harchies', NULL),
(2042, 300, 'Neufmaison', NULL),
(2043, 958, 'Hautrage', NULL),
(2044, 303, 'Hensies', NULL),
(2045, 616, 'Elouges', NULL),
(2046, 304, 'Marchipont', NULL),
(2047, 304, 'Montignies-Sur-Roc', NULL),
(2048, 304, 'Roisin', NULL),
(2049, 959, 'Ramegnies-Chin', NULL),
(2050, 959, 'Templeuve', NULL),
(2051, 960, 'Chercq', NULL),
(2052, 308, 'Blandain', NULL),
(2053, 961, 'Havinnes', NULL),
(2054, 962, 'Thimougies', NULL),
(2055, 619, 'Maulde', NULL),
(2056, 963, 'Vezon', NULL),
(2057, 310, 'Melles', NULL),
(2058, 310, 'Quartes', NULL),
(2059, 964, 'Bon-Secours', NULL),
(2060, 620, 'Brasmenil', NULL),
(2061, 316, 'Bléharies', NULL),
(2062, 965, 'Lesdain', NULL),
(2063, 817, 'Antoing', NULL),
(2064, 817, 'Péronnes-Lez-Antoing', NULL),
(2065, 966, 'Calonne', NULL),
(2066, 967, 'Mouscron', NULL),
(2067, 593, 'Estaimpuis', NULL),
(2068, 593, 'Evregnies', NULL),
(2069, 593, 'Leers-Nord', NULL),
(2070, 320, 'Amougies', NULL),
(2071, 320, 'Russeignies', NULL),
(2072, 624, 'Escanaffles', NULL),
(2073, 968, 'Ploegsteert', NULL),
(2074, 325, 'Mainvault', NULL),
(2075, 325, 'Moulbaix', NULL),
(2076, 326, 'Meslin-L\'evêque', NULL),
(2077, 969, 'Gibecq', NULL),
(2078, 327, 'Fouleng', NULL),
(2079, 328, 'Marcq', NULL),
(2080, 970, 'Lessines', NULL),
(2081, 971, 'Ogy', NULL),
(2082, 330, 'Cambron-Saint-Vincent', NULL),
(2083, 631, 'Chapelle-À-Oie', NULL),
(2084, 972, 'Gallaix', NULL),
(2085, 333, 'Ellignies-Lez-Frasnes', NULL),
(2086, 334, 'Herquegies', NULL),
(2087, 973, 'Gages', NULL),
(2088, 335, 'Grosage', NULL),
(2089, 335, 'Ladeuze', NULL),
(2090, 335, 'Tongre-Saint-Martin', NULL),
(2091, 974, 'Tongre-Notre-Dame', NULL),
(2092, 337, 'Quevaucamps', NULL),
(2093, 641, 'Damme', NULL),
(2094, 641, 'Sijsele', NULL),
(2095, 341, 'Houtave', NULL),
(2096, 667, 'Stene', NULL),
(2097, 975, 'Bredene', NULL),
(2098, 647, 'Ettelgem', NULL),
(2099, 647, 'Westkerke', NULL),
(2100, 826, 'Ichtegem', NULL),
(2101, 346, 'Zerkegem', NULL),
(2102, 976, 'Aalbeke', NULL),
(2103, 350, 'Bavikhove', NULL),
(2104, 977, 'Deerlijk', NULL),
(2105, 978, 'Otegem', NULL),
(2106, 827, 'Wevelgem', NULL),
(2107, 979, 'Tiegem', NULL),
(2108, 828, 'Handzame', NULL),
(2109, 357, 'Eggewaartskapelle', NULL),
(2110, 358, 'Noordschote', NULL),
(2111, 656, 'De Panne', NULL),
(2112, 657, 'Bovekerke', NULL),
(2113, 657, 'Koekelare', NULL),
(2114, 658, 'Gijverinkhove', NULL),
(2115, 658, 'Izenberge', NULL),
(2116, 362, 'Sint-Baafs-Vijve', NULL),
(2117, 362, 'Wielsbeke', NULL),
(2118, 363, 'Markegem', NULL),
(2119, 824, 'Sint-Joris', NULL),
(2120, 980, 'Oostrozebeke', NULL),
(2121, 366, 'Roeselare', NULL),
(2122, 368, 'Oostnieuwkerke', NULL),
(2123, 981, 'Koolskamp', NULL),
(2124, 982, 'Lendelede', NULL),
(2125, 832, 'Emelgem', NULL),
(2126, 664, 'Moorslede', NULL),
(2127, 371, 'Sint-Jan', NULL),
(2128, 983, 'Wervik', NULL),
(2129, 834, 'Heuvelland', NULL),
(2130, 984, 'Wulvergem', NULL),
(2131, 376, 'Reningelst', NULL),
(2132, 837, 'Passendale', NULL),
(2133, 985, 'Wondelgem', NULL),
(2134, 986, 'Lochristi', NULL),
(2135, 986, 'Zeveneken', NULL),
(2136, 987, 'Belsele', NULL),
(2137, 988, 'Sinaai-Waas', NULL),
(2138, 840, 'Haasdonk', NULL),
(2139, 989, 'Bazel', NULL),
(2140, 989, 'Rupelmonde', NULL),
(2141, 673, 'Lokeren', NULL),
(2142, 384, 'Baasrode', NULL),
(2143, 31, 'Moerzeke', NULL),
(2144, 845, 'Opdorp', NULL),
(2145, 388, 'Denderbelle', NULL),
(2146, 846, 'Berlare', NULL),
(2147, 846, 'Overmere', NULL),
(2148, 94, 'Meldert', NULL),
(2149, 391, 'Smetlede', NULL),
(2150, 392, 'Denderwindeke', NULL),
(2151, 395, 'Bambrugge', NULL),
(2152, 398, 'Moerbeke', NULL),
(2153, 398, 'Onkerzele', NULL),
(2154, 398, 'Zarlardinge', NULL),
(2155, 399, 'Nieuwenhove', NULL),
(2156, 399, 'Zandbergen', NULL),
(2157, 405, 'Oombergen', NULL),
(2158, 400, 'Sint-Lievens-Houtem', NULL),
(2159, 990, 'Letterhoutem', NULL),
(2160, 401, 'Hillegem', NULL),
(2161, 991, 'Borsbeke', NULL),
(2162, 405, 'Leeuwergem', NULL),
(2163, 407, 'Elst', NULL),
(2164, 407, 'Zegelsem', NULL),
(2165, 677, 'Sint-Maria-Horebeke', NULL),
(2166, 992, 'Schorisse', NULL),
(2167, 408, 'Ruien', NULL),
(2168, 409, 'Bevere', NULL),
(2169, 409, 'Ename', NULL),
(2170, 413, 'Deinze', NULL),
(2171, 413, 'Gottem', NULL),
(2172, 413, 'Wontergem', NULL),
(2173, 682, 'Melsen', NULL),
(2174, 682, 'Munte', NULL),
(2175, 417, 'Gijzenzele', NULL),
(2176, 417, 'Moortsele', NULL),
(2177, 683, 'Aalter', NULL),
(2178, 683, 'Poeke', NULL),
(2179, 993, 'Eeklo', NULL),
(2180, 994, 'Lovendegem', NULL),
(2181, 995, 'Vinderhoute', NULL),
(2182, 996, 'Zomergem', NULL),
(2183, 997, 'Ronsele', NULL),
(2184, 853, 'Sleidinge', NULL),
(2185, 422, 'Bassevelde', NULL),
(2186, 998, 'Lembeke', NULL),
(2187, 999, 'Sint-Laureins', NULL),
(2188, 1000, 'Sint-Margriete', NULL),
(2189, 855, 'Watervliet', NULL),
(2190, 1001, 'Bruxelles', NULL),
(2191, 1002, 'Ixelles', NULL),
(2192, 1003, 'Anderlecht', NULL),
(2193, 1004, 'Watermael-Boitsfort', NULL),
(2194, 1005, 'Uccle', NULL),
(2195, 1006, 'Woluwe-Saint-Lambert', NULL),
(2196, 1007, 'Bierges', NULL),
(2197, 1008, 'La Hulpe', NULL),
(2198, 691, 'L\'ecluse', NULL),
(2199, 691, 'Tourinnes-La-Grosse', NULL),
(2200, 1009, 'Louvain-La-Neuve', NULL),
(2201, 8, 'Jandrain-Jandrenouille', NULL),
(2202, 10, 'Orbais', NULL),
(2203, 426, 'Bomal', NULL),
(2204, 426, 'Gérompont', NULL),
(2205, 426, 'Mont-Saint-André', NULL),
(2206, 11, 'Lathuy', NULL),
(2207, 11, 'Zétrud-Lumay', NULL),
(2208, 692, 'Lasne', NULL),
(2209, 12, 'Archennes', NULL),
(2210, 427, 'Monstreux', NULL),
(2211, 1010, 'Lillois-Witterzée', NULL),
(2212, 15, 'Quenast', NULL),
(2213, 1011, 'Corbais', NULL),
(2214, 1011, 'Hévillers', NULL),
(2215, 1011, 'Mont-Saint-Guibert', NULL),
(2216, 17, 'Walhain-Saint-Paul', NULL),
(2217, 1012, 'Ittre', NULL),
(2218, 1012, 'Virginal-Samme', NULL),
(2219, 19, 'Bousval', NULL),
(2220, 1013, 'Houtain-Le-Val', NULL),
(2221, 432, 'Clabecq', NULL),
(2222, 1014, 'Court-Saint-Etienne', NULL),
(2223, 433, 'Mellery', NULL),
(2224, 433, 'Tilly', NULL),
(2225, 435, 'Herfelingen', NULL),
(2226, 695, 'Vollezele', NULL),
(2227, 437, 'Sint-Laureins-Berchem', NULL),
(2228, 437, 'Sint-Pieters-Leeuw', NULL),
(2229, 1015, 'Vlezenbeek', NULL),
(2230, 1016, 'Beersel', NULL),
(2231, 1017, 'Lot', NULL),
(2232, 440, 'Heikruis', NULL),
(2233, 1018, 'Bellingen', NULL),
(2234, 442, 'Asse', NULL),
(2235, 1019, 'Sint-Katherina-Lombeek', NULL),
(2236, 869, 'Mazenzele', NULL),
(2237, 29, 'Sint-Kwintens-Lennik', NULL),
(2238, 444, 'Kester', NULL),
(2239, 445, 'Roosdaal', NULL),
(2240, 445, 'Strijtem', NULL),
(2241, 700, 'Brussegem', NULL),
(2242, 32, 'Hekelgem', NULL),
(2243, 447, 'Vilvoorde', NULL),
(2244, 1020, 'Strombeek-Bever', NULL),
(2245, 37, 'Nossegem', NULL),
(2246, 453, 'Berendrecht', NULL),
(2247, 1021, 'Borsbeek', NULL),
(2248, 1022, 'Merksem', NULL),
(2249, 1023, 'Ekeren', NULL),
(2250, 454, 'Herentals', NULL),
(2251, 1024, 'Schriek', NULL),
(2252, 44, 'Westmeerbeek', NULL),
(2253, 455, 'Massenhoven', NULL),
(2254, 455, 'Viersel', NULL),
(2255, 45, 'Oevel', NULL),
(2256, 456, 'Wechelderzande', NULL),
(2257, 1025, 'Rijkevorsel', NULL),
(2258, 460, 'Vlimmeren', NULL),
(2259, 465, 'Laakdal', NULL),
(2260, 465, 'Vorst', NULL),
(2261, 52, 'Varendonk', NULL),
(2262, 467, 'Tielen', NULL),
(2263, 468, 'Koningshooikt', NULL),
(2264, 54, 'Oelegem', NULL),
(2265, 885, 'Berlaar', NULL),
(2266, 1026, 'Hemiksem', NULL),
(2267, 57, 'Mechelen', NULL),
(2268, 1027, 'Heffen', NULL),
(2269, 887, 'Reet', NULL),
(2270, 1028, 'Niel', NULL),
(2271, 474, 'Breendonk', NULL),
(2272, 1029, 'Kalmthout', NULL),
(2273, 1030, 'Brasschaat', NULL),
(2274, 63, 'Sint-Lenaarts', NULL),
(2275, 64, 'Loenhout', NULL),
(2276, 1031, 'Leuven', NULL),
(2277, 1032, 'Kessel Lo', NULL),
(2278, 66, 'Loonbeek', NULL),
(2279, 1033, 'Oud-Heverlee', NULL),
(2280, 1034, 'Leefdaal', NULL),
(2281, 1035, 'Erps-Kwerps', NULL),
(2282, 894, 'Meerbeek', NULL),
(2283, 1036, 'Werchter', NULL),
(2284, 896, 'Aarschot', NULL),
(2285, 1037, 'Rillaar', NULL),
(2286, 73, 'Linden', NULL),
(2287, 898, 'Averbode', NULL),
(2288, 77, 'Bost', NULL),
(2289, 77, 'Goetsenhoven', NULL),
(2290, 1038, 'Outgaarden', NULL),
(2291, 488, 'Bierbeek', NULL),
(2292, 489, 'Bunsbeek', NULL),
(2293, 491, 'Sint-Joris-Winge', NULL),
(2294, 491, 'Tielt-Winge', NULL),
(2295, 80, 'Eliksem', NULL),
(2296, 80, 'Rumsdorp', NULL),
(2297, 80, 'Wange', NULL),
(2298, 81, 'Waasmont', NULL),
(2299, 493, 'Neerlanden', NULL),
(2300, 82, 'Halle-Booienhoven', NULL),
(2301, 82, 'Helen-Bos', NULL),
(2302, 1039, 'Assent', NULL),
(2303, 1039, 'Bekkevoort', NULL),
(2304, 1040, 'Kersbeek-Miskom', NULL),
(2305, 1041, 'Wimmertingen', NULL),
(2306, 1042, 'Zonhoven', NULL),
(2307, 89, 'Houthalen', NULL),
(2308, 90, 'Schulen', NULL),
(2309, 91, 'Loksbergen', NULL),
(2310, 91, 'Zelem', NULL),
(2311, 1043, 'Beringen', NULL),
(2312, 98, 'Neerharen', NULL),
(2313, 99, 'Eisden', NULL),
(2314, 99, 'Leut', NULL),
(2315, 99, 'Maasmechelen', NULL),
(2316, 99, 'Meeswijk', NULL),
(2317, 101, 'Molenbeersel', NULL),
(2318, 1044, 'As', NULL),
(2319, 35, 'Widooie', NULL),
(2320, 1045, 'Vliermaal', NULL),
(2321, 106, 'Eigenbilzen', NULL),
(2322, 106, 'Rijkhoven', NULL),
(2323, 499, 'Kanne', NULL),
(2324, 499, 'Membruggen', NULL),
(2325, 1046, 'Teuven', NULL),
(2326, 111, 'Halmaal', NULL),
(2327, 113, 'Berlingen', NULL),
(2328, 739, 'Kozen', NULL),
(2329, 739, 'Wijer', NULL),
(2330, 116, 'Rukkelingen-Loon', NULL),
(2331, 116, 'Vechmaal', NULL),
(2332, 1047, 'Neerpelt', NULL),
(2333, 1047, 'Sint-Huibrechts-Lille', NULL),
(2334, 1048, 'Grivegnee', NULL),
(2335, 1049, 'Chaudfontaine', NULL),
(2336, 1050, 'Ougrée', NULL),
(2337, 1051, 'Neuville-En-Condroz', NULL),
(2338, 743, 'Tilff', NULL),
(2339, 511, 'Rouvreux', NULL),
(2340, 1052, 'Comblain-Au-Pont', NULL),
(2341, 512, 'Vieuxville', NULL),
(2342, 130, 'Meeffe', NULL),
(2343, 130, 'Wasseiges', NULL),
(2344, 1053, 'Darion', NULL),
(2345, 1054, 'Ligney', NULL),
(2346, 133, 'Blehen', NULL),
(2347, 133, 'Cras-Avernas', NULL),
(2348, 133, 'Wansin', NULL),
(2349, 137, 'Viemme', NULL),
(2350, 517, 'Fexhe-Le-Haut-Clocher', NULL),
(2351, 1055, 'Hodeige', NULL),
(2352, 521, 'Oreye', NULL),
(2353, 522, 'Mons-Lez-Liège', NULL),
(2354, 1056, 'Ans', NULL),
(2355, 1057, 'Loncin', NULL),
(2356, 915, 'Juprelle', NULL),
(2357, 143, 'Grâce-Berleur', NULL),
(2358, 146, 'Moha', NULL),
(2359, 146, 'Wanze', NULL),
(2360, 147, 'Villers-Le-Bouillet', NULL),
(2361, 916, 'Bodegnée', NULL),
(2362, 916, 'Chapon-Seraing', NULL),
(2363, 916, 'Seraing-Le-Château', NULL),
(2364, 148, 'Jehay', NULL),
(2365, 149, 'Abée', NULL),
(2366, 149, 'Ramelot', NULL),
(2367, 150, 'Bois-Et-Borsu', NULL),
(2368, 150, 'Pailhe', NULL),
(2369, 152, 'Ouffet', NULL),
(2370, 154, 'Bombaye', NULL),
(2371, 1058, 'Warsage', NULL),
(2372, 1059, 'Cérexhe-Heuseux', NULL),
(2373, 529, 'Grand-Rechain', NULL),
(2374, 160, 'Blégny', NULL),
(2375, 161, 'Saive', NULL),
(2376, 757, 'Heure-Le-Romain', NULL),
(2377, 531, 'Eben-Emael', NULL),
(2378, 925, 'Elsenborn', NULL),
(2379, 1060, 'Rocherath', NULL),
(2380, 538, 'Burg-Reuland', NULL),
(2381, 540, 'Petit-Rechain', NULL),
(2382, 1061, 'Welkenraedt', NULL),
(2383, 1062, 'Henri-Chapelle', NULL),
(2384, 166, 'Jalhay', NULL),
(2385, 167, 'Montzen', NULL),
(2386, 167, 'Moresnet', NULL),
(2387, 1063, 'Aubel', NULL),
(2388, 171, 'Thimister-Clermont', NULL),
(2389, 764, 'Theux', NULL),
(2390, 766, 'Stavelot', NULL),
(2391, 176, 'Stoumont', NULL),
(2392, 177, 'Arbrefontaine', NULL),
(2393, 177, 'Lierneux', NULL),
(2394, 1064, 'Saint-Marc', NULL),
(2395, 180, 'Flawinne', NULL),
(2396, 180, 'Malonne', NULL),
(2397, 549, 'Gelbressée', NULL),
(2398, 551, 'Mazy', NULL),
(2399, 183, 'Arsimont', NULL),
(2400, 183, 'Sambreville', NULL),
(2401, 184, 'Sart-Saint-Laurent', NULL),
(2402, 553, 'Dave', NULL),
(2403, 187, 'Sombreffe', NULL),
(2404, 187, 'Tongrinne', NULL),
(2405, 768, 'Floriffoux', NULL),
(2406, 768, 'Soye', NULL),
(2407, 188, 'Rivière', NULL),
(2408, 189, 'Jemeppe-Sur-Sambre', NULL),
(2409, 189, 'Onoz', NULL),
(2410, 190, 'Andenne', NULL),
(2411, 190, 'Bonneville', NULL),
(2412, 190, 'Coutisse', NULL),
(2413, 191, 'Bolinne', NULL),
(2414, 191, 'Upigny', NULL),
(2415, 1065, 'Courrière', NULL),
(2416, 193, 'Sorée', NULL),
(2417, 1066, 'Jallet', NULL),
(2418, 140, 'Barvaux-Condroz', NULL),
(2419, 1067, 'Méan', NULL),
(2420, 199, 'Sinsin', NULL),
(2421, 200, 'Tillier', NULL),
(2422, 559, 'Anseremme', NULL),
(2423, 559, 'Falmagne', NULL),
(2424, 1068, 'Lisogne', NULL),
(2425, 1069, 'Gerin', NULL),
(2426, 203, 'Durnal', NULL),
(2427, 203, 'Godinne', NULL),
(2428, 203, 'Houx', NULL),
(2429, 203, 'Purnode', NULL),
(2430, 204, 'Denée', NULL),
(2431, 204, 'Haut-Le-Wastia', NULL),
(2432, 204, 'Warnant', NULL),
(2433, 1070, 'Hastière-Par-Delà', NULL),
(2434, 206, 'Chairière', NULL),
(2435, 206, 'Pussemange', NULL),
(2436, 206, 'Vresse-Sur-Semois', NULL),
(2437, 207, 'Oizy', NULL),
(2438, 1071, 'Wiesme', NULL),
(2439, 1072, 'Focant', NULL),
(2440, 211, 'Bourseigne-Vieille', NULL),
(2441, 211, 'Gedinne', NULL),
(2442, 212, 'Mont-Gauthier', NULL),
(2443, 563, 'Chevetogne', NULL),
(2444, 563, 'Pessoux', NULL),
(2445, 213, 'Vodecée', NULL),
(2446, 214, 'Rosée', NULL),
(2447, 564, 'Senzeille', NULL),
(2448, 565, 'Mettet', NULL),
(2449, 565, 'Saint-Gérard', NULL),
(2450, 1073, 'Stave', NULL),
(2451, 217, 'Fontenelle', NULL),
(2452, 217, 'Vogenée', NULL),
(2453, 217, 'Yves-Gomezée', NULL),
(2454, 218, 'Tarcienne', NULL),
(2455, 219, 'Boussu-En-Fagne', NULL),
(2456, 219, 'Dailly', NULL),
(2457, 219, 'Mariembourg', NULL),
(2458, 219, 'Presgaux', NULL),
(2459, 220, 'Treignes', NULL),
(2460, 221, 'Soulme', NULL),
(2461, 1074, 'Marcinelle', NULL),
(2462, 1075, 'Couillet', NULL),
(2463, 222, 'Goutroux', NULL),
(2464, 1076, 'Montignies-Sur-Sambre', NULL),
(2465, 1077, 'Montigny-Le-Tilleul', NULL),
(2466, 1078, 'Forchies-La-Marche', NULL),
(2467, 229, 'Châtelet', NULL),
(2468, 230, 'Frasnes-Lez-Gosselies', NULL),
(2469, 231, 'Lambusart', NULL),
(2470, 941, 'Vergnies', NULL),
(2471, 1079, 'Lompret', NULL),
(2472, 237, 'Bourlers', NULL),
(2473, 237, 'Rièzes', NULL),
(2474, 238, 'Rance', NULL),
(2475, 239, 'Leval-Chaudeville', NULL),
(2476, 239, 'Renlies', NULL),
(2477, 1080, 'Strée', NULL),
(2478, 944, 'Donstiennes', NULL),
(2479, 785, 'Mont-Sainte-Geneviève', NULL),
(2480, 1081, 'Monceau-Imbrechies', NULL),
(2481, 582, 'Vaux-Lez-Rosières', NULL),
(2482, 582, 'Vaux-Sur-Sûre', NULL),
(2483, 1082, 'Tailles', NULL),
(2484, 246, 'Gouvy', NULL),
(2485, 586, 'Amberloup', NULL),
(2486, 586, 'Tillet', NULL),
(2487, 1083, 'Flamierge', NULL),
(2488, 587, 'Bihain', NULL),
(2489, 1084, 'Guirsch', NULL),
(2490, 588, 'Nobressart', NULL),
(2491, 589, 'Hachy', NULL),
(2492, 1085, 'Habay-La-Vieille', NULL),
(2493, 591, 'Villers-Sur-Semois', NULL),
(2494, 251, 'Meix-Le-Tige', NULL),
(2495, 1086, 'Latour', NULL),
(2496, 1087, 'Saint-Mard', NULL),
(2497, 794, 'Dampicourt', NULL),
(2498, 794, 'Rouvroy', NULL),
(2499, 794, 'Torgny', NULL),
(2500, 252, 'Meix-Devant-Virton', NULL),
(2501, 257, 'Freux', NULL),
(2502, 257, 'Libramont-Chevigny', NULL),
(2503, 596, 'Jamoigne', NULL),
(2504, 1088, 'Termes', NULL),
(2505, 1089, 'Lacuisine', NULL),
(2506, 796, 'Les Hayons', NULL),
(2507, 796, 'Poupehan', NULL),
(2508, 797, 'Ucimont', NULL),
(2509, 1090, 'Bellevaux', NULL),
(2510, 1091, 'Corbion', NULL),
(2511, 261, 'Hamipré', NULL),
(2512, 600, 'Carlsbourg', NULL),
(2513, 1092, 'Nollevaux', NULL),
(2514, 601, 'Maissin', NULL),
(2515, 1093, 'Framont', NULL),
(2516, 602, 'Mellier', NULL),
(2517, 798, 'Arville', NULL),
(2518, 798, 'Awenne', NULL),
(2519, 798, 'Hatrival', NULL),
(2520, 262, 'Jehonville', NULL),
(2521, 263, 'Saint-Médard', NULL),
(2522, 263, 'Straimont', NULL),
(2523, 264, 'Libin', NULL),
(2524, 264, 'Smuid', NULL),
(2525, 265, 'Aye', NULL),
(2526, 265, 'Humain', NULL),
(2527, 1094, 'Chanly', NULL),
(2528, 1095, 'Halma', NULL),
(2529, 603, 'Tellin', NULL),
(2530, 270, 'Heyd', NULL),
(2531, 271, 'Nassogne', NULL),
(2532, 1096, 'Grune', NULL),
(2533, 272, 'Masbourg', NULL),
(2534, 273, 'Vaux-Chavanne', NULL),
(2535, 1097, 'Champlon', NULL),
(2536, 605, 'Beausaint', NULL),
(2537, 1098, 'Samrée', NULL),
(2538, 279, 'Mormont', NULL),
(2539, 607, 'Flénu', NULL),
(2540, 609, 'Harveng', NULL),
(2541, 609, 'Hyon', NULL),
(2542, 803, 'Asquillies', NULL),
(2543, 283, 'Erbaut', NULL),
(2544, 283, 'Herchies', NULL),
(2545, 804, 'Thieusies', NULL),
(2546, 805, 'Chaussée-Notre-Dame-Louvignies', NULL),
(2547, 806, 'Thieu', NULL),
(2548, 285, 'Frameries', NULL),
(2549, 286, 'Steenkerque', NULL),
(2550, 289, 'Estinnes-Au-Mont', NULL),
(2551, 290, 'Bray', NULL),
(2552, 612, 'Mont-Sainte-Aldegonde', NULL),
(2553, 295, 'La Hestre', NULL),
(2554, 295, 'Manage', NULL),
(2555, 1099, 'Boussu', NULL),
(2556, 957, 'Blaton', NULL),
(2557, 615, 'Ville-Pommeroeul', NULL),
(2558, 958, 'Villerot', NULL),
(2559, 302, 'Wasmes', NULL),
(2560, 616, 'Blaugies', NULL),
(2561, 304, 'Angre', NULL),
(2562, 304, 'Athis', NULL),
(2563, 304, 'Onnezies', NULL),
(2564, 305, 'Quaregnon', NULL),
(2565, 306, 'Tournai', NULL),
(2566, 1100, 'Froyennes', NULL),
(2567, 1101, 'Froidmont', NULL),
(2568, 308, 'Hertain', NULL),
(2569, 1102, 'Mont-Saint-Aubert', NULL),
(2570, 620, 'Baugnies', NULL),
(2571, 620, 'Braffe', NULL),
(2572, 620, 'Callenelle', NULL),
(2573, 1103, 'La Glanerie', NULL),
(2574, 316, 'Guignies', NULL),
(2575, 1104, 'Bruyelle', NULL),
(2576, 1105, 'Fontenoy', NULL),
(2577, 967, 'Luingne', NULL),
(2578, 593, 'Estaimbourg', NULL),
(2579, 624, 'Popuelles', NULL),
(2580, 1106, 'Bizet', NULL),
(2581, 1107, 'Ostiches', NULL),
(2582, 1107, 'Rebaix', NULL),
(2583, 1108, 'Maffle', NULL),
(2584, 325, 'Villers-Saint-Amand', NULL),
(2585, 627, 'Wannebecq', NULL),
(2586, 329, 'Ollignies', NULL),
(2587, 330, 'Lens', NULL),
(2588, 631, 'Blicquy', NULL),
(2589, 333, 'Cordes', NULL),
(2590, 334, 'Oeudeghien', NULL),
(2591, 1109, 'Mévergnies-Lez-Lens', NULL),
(2592, 636, 'Basècles', NULL),
(2593, 636, 'Ramegnies', NULL),
(2594, 636, 'Wadelincourt', NULL),
(2595, 823, 'Grandglise', NULL),
(2596, 637, 'Oostkamp', NULL),
(2597, 339, 'Sint-Michiels', NULL),
(2598, 639, 'Knokke-Heist', NULL),
(2599, 641, 'Lapscheure', NULL),
(2600, 641, 'Moerkerke', NULL),
(2601, 341, 'Nieuwmunster', NULL),
(2602, 667, 'Oostende', NULL),
(2603, 342, 'De Haan', NULL),
(2604, 342, 'Wenduine', NULL),
(2605, 1110, 'Leffinge', NULL),
(2606, 344, 'Schore', NULL),
(2607, 646, 'Westende', NULL),
(2608, 647, 'Oudenburg', NULL),
(2609, 346, 'Varsenare', NULL),
(2610, 648, 'Bellegem', NULL),
(2611, 648, 'Kooigem', NULL),
(2612, 648, 'Rollegem', NULL),
(2613, 1111, 'Zwevegem', NULL),
(2614, 1112, 'Heestert', NULL),
(2615, 827, 'Moorsele', NULL),
(2616, 650, 'Anzegem', NULL),
(2617, 355, 'Espierres-Helchin', NULL),
(2618, 356, 'Pervijze', NULL),
(2619, 356, 'Stuivekenskerke', NULL),
(2620, 828, 'Werken', NULL),
(2621, 357, 'Booitshoeke', NULL),
(2622, 357, 'De Moeren', NULL),
(2623, 357, 'Wulveringem', NULL),
(2624, 357, 'Zoutenaaie', NULL),
(2625, 654, 'Woesten', NULL),
(2626, 358, 'Lo-Reninge', NULL),
(2627, 655, 'Houthulst', NULL),
(2628, 655, 'Klerken', NULL),
(2629, 359, 'Koksijde', NULL),
(2630, 361, 'Aarsele', NULL),
(2631, 363, 'Wakken', NULL),
(2632, 659, 'Egem', NULL),
(2633, 1113, 'Ruiselede', NULL),
(2634, 1114, 'Sint-Eloois-Vijve', NULL),
(2635, 832, 'Kachtem', NULL),
(2636, 370, 'Rollegem-Kapelle', NULL),
(2637, 370, 'Sint-Eloois-Winkel', NULL),
(2638, 372, 'Voormezele', NULL),
(2639, 375, 'Rekkem', NULL),
(2640, 983, 'Geluwe', NULL),
(2641, 1115, 'Dranouter', NULL),
(2642, 1116, 'Westouter', NULL),
(2643, 1117, 'Kemmel', NULL),
(2644, 1118, 'Messines', NULL),
(2645, 666, 'Roesbrugge-Haringe', NULL),
(2646, 1119, 'Watou', NULL),
(2647, 837, 'Beselare', NULL),
(2648, 837, 'Zonnebeke', NULL),
(2649, 1120, 'Drongen', NULL),
(2650, 839, 'Desteldonk', NULL),
(2651, 839, 'Sint-Kruis-Winkel', NULL),
(2652, 92, 'Destelbergen', NULL),
(2653, 986, 'Beervelde', NULL),
(2654, 986, 'Zaffelare', NULL),
(2655, 840, 'Melsele', NULL),
(2656, 989, 'Kruibeke', NULL),
(2657, 673, 'Daknam', NULL),
(2658, 841, 'De Klinge', NULL),
(2659, 841, 'Sint-Gillis-Waas', NULL),
(2660, 383, 'Stekene', NULL),
(2661, 384, 'Grembergen', NULL),
(2662, 385, 'Westrem', NULL),
(2663, 385, 'Wetteren', NULL),
(2664, 387, 'Kalken', NULL),
(2665, 115, 'Erembodegem', NULL),
(2666, 392, 'Voorde', NULL),
(2667, 1121, 'Meerbeke', NULL),
(2668, 1122, 'Aspelare', NULL),
(2669, 1123, 'Outer', NULL),
(2670, 395, 'Mere', NULL),
(2671, 395, 'Ottergem', NULL),
(2672, 398, 'Geraardsbergen', NULL),
(2673, 399, 'Idegem', NULL),
(2674, 401, 'Steenhuize-Wijnhuize', NULL),
(2675, 401, 'Woubrechtegem', NULL),
(2676, 402, 'Deftinge', NULL),
(2677, 1124, 'Hemelveerdegem', NULL),
(2678, 405, 'Elene', NULL),
(2679, 407, 'Sint-Maria-Oudenhove', NULL),
(2680, 405, 'Zottegem', NULL),
(2681, 406, 'Hundelgem', NULL),
(2682, 406, 'Sint-Denijs-Boekel', NULL),
(2683, 406, 'Zwalm', NULL),
(2684, 678, 'Maarke-Kerkem', NULL),
(2685, 409, 'Edelare', NULL),
(2686, 409, 'Heurne', NULL),
(2687, 409, 'Melden', NULL),
(2688, 409, 'Welden', NULL),
(2689, 410, 'Huise', NULL),
(2690, 412, 'Moregem', NULL),
(2691, 413, 'Meigem', NULL),
(2692, 1125, 'Deurle', NULL),
(2693, 416, 'Merendree', NULL),
(2694, 416, 'Poesele', NULL),
(2695, 1126, 'Bellem', NULL),
(2696, 419, 'Dikkelvenne', NULL),
(2697, 419, 'Vurste', NULL),
(2698, 852, 'Ursel', NULL),
(2699, 853, 'Ertvelde', NULL),
(2700, 853, 'Evergem', NULL),
(2701, 1127, 'Kaprijke', NULL),
(2702, 1128, 'Sint-Jan-In-Eremo', NULL);





